,Date,GT30 GOVT 11_15_54 Close,GT 10 GOVT 11_15_34 Close,GT 5 GOVT 10_31_29 Close,GT20 GOVT 08_15_2044 Close,GB06 GOVT 05_08_25 Close,GB12 GOVT  10_30_25  Close
0,2024-11-12,4.554,4.397,4.295,4.667,4.468,4.371
1,2024-11-08,4.471,4.305,4.192,4.581,4.445,4.308
2,2024-11-07,4.531,4.328,4.172,4.632,4.416,4.265
3,2024-11-06,4.612,4.433,4.275,4.714,4.437,4.315
4,2024-11-05,4.436,4.273,4.15,4.559,4.418,4.252
5,2024-11-04,4.468,4.286,4.147,4.584,4.421,4.248
6,2024-11-01,4.58,4.385,4.226,4.697,4.444,4.273
7,2024-10-31,4.476,4.285,4.159,4.591,4.46,4.272
8,2024-10-30,4.504,4.301,4.163,4.621,4.478,4.284
9,2024-10-29,4.499,4.255,4.082,4.597,4.478,4.27
10,2024-10-28,4.53,4.283,4.118,4.627,4.496,4.295
11,2024-10-25,4.5,4.241,4.065,4.588,4.526,4.302
12,2024-10-24,4.475,4.213,4.034,4.557,4.497,4.261
13,2024-10-23,4.52,4.247,4.058,4.597,4.491,4.278
14,2024-10-22,4.497,4.209,4.007,4.563,4.472,4.255
15,2024-10-21,4.5,4.197,3.987,4.562,4.496,4.254
16,2024-10-18,4.393,4.084,3.879,4.453,4.448,4.191
17,2024-10-17,4.39,4.092,3.9,4.453,4.452,4.214
18,2024-10-16,4.296,4.014,3.845,4.359,4.431,4.178
19,2024-10-15,4.321,4.034,3.855,4.38,4.441,4.182
20,2024-10-11,4.412,4.101,3.903,4.463,4.45,4.188
21,2024-10-10,4.36,4.063,3.886,4.418,4.46,4.202
22,2024-10-09,4.342,4.074,3.918,4.417,4.469,4.25
23,2024-10-08,4.294,4.013,3.847,4.362,4.443,4.198
24,2024-10-07,4.306,4.027,3.866,4.378,4.446,4.231
25,2024-10-04,4.251,3.968,3.806,4.32,4.452,4.181
26,2024-10-03,4.178,3.847,3.629,4.24,4.375,4.014
27,2024-10-02,4.13,3.783,3.554,4.189,4.364,3.959
28,2024-10-01,4.073,3.732,3.509,4.133,4.364,3.975
29,2024-09-30,4.12,3.782,3.559,4.176,4.412,4.011
30,2024-09-27,4.105,3.752,3.506,4.152,4.39,3.929
31,2024-09-26,4.132,3.797,3.568,4.184,4.404,3.987
32,2024-09-25,4.141,3.786,3.526,4.186,4.386,3.919
33,2024-09-24,4.085,3.73,3.468,4.128,4.371,3.894
34,2024-09-23,4.093,3.751,3.507,4.135,4.441,3.933
35,2024-09-20,4.085,3.742,3.5,4.127,4.468,3.94
36,2024-09-19,4.051,3.715,3.483,4.101,4.476,3.947
37,2024-09-18,4.021,3.705,3.484,4.088,4.514,3.984
38,2024-09-17,3.96,3.647,3.444,4.031,4.535,4.006
39,2024-09-16,3.929,3.619,3.403,3.998,4.597,3.968
40,2024-09-13,3.981,3.653,3.432,4.049,4.64,4.016
41,2024-09-12,3.989,3.675,3.465,4.067,4.711,4.084
42,2024-09-11,3.967,3.654,3.445,4.041,4.747,4.122
43,2024-09-10,3.964,3.644,3.424,4.034,4.673,4.062
44,2024-09-09,4.001,3.701,3.488,4.078,4.725,4.126
45,2024-09-06,4.019,3.71,3.487,4.093,4.722,4.101
46,2024-09-05,4.021,3.728,3.538,4.107,4.75,4.2
47,2024-09-04,4.059,3.756,3.55,4.138,4.766,4.219
48,2024-09-03,4.124,3.832,3.64,4.206,4.843,4.371
49,2024-08-30,4.196,3.904,3.704,4.286,4.859,4.408
50,2024-08-29,4.146,3.862,3.667,4.238,4.862,4.415
51,2024-08-28,4.125,3.836,3.666,4.218,4.84,4.397
52,2024-08-27,4.114,3.823,3.65,4.204,4.839,4.386
53,2024-08-26,4.106,3.817,3.667,4.192,4.906,4.412
54,2024-08-23,4.092,3.8,3.649,4.183,4.893,4.377
55,2024-08-22,4.127,3.853,3.718,4.22,4.941,4.462
56,2024-08-21,4.078,3.802,3.657,4.179,4.893,4.392
57,2024-08-20,4.061,3.808,3.688,4.176,4.918,4.432
58,2024-08-19,4.123,3.872,3.758,4.235,4.971,4.5
59,2024-08-16,4.141,3.884,3.758,4.249,4.976,4.481
60,2024-08-15,4.172,3.914,3.79,4.274,5.002,4.536
61,2024-08-14,4.126,3.837,3.681,4.217,4.956,4.431
62,2024-08-13,4.159,3.844,3.672,4.239,4.926,4.399
63,2024-08-12,4.201,3.905,3.747,4.293,4.978,4.481
64,2024-08-09,4.22,3.941,3.797,4.309,4.98,4.485
65,2024-08-08,4.278,3.99,3.828,4.37,4.975,4.473
66,2024-08-07,4.247,3.944,3.763,4.334,4.945,4.426
67,2024-08-06,4.18,3.893,3.732,4.273,4.946,4.5
68,2024-08-05,4.073,3.789,3.643,4.17,4.883,4.402
69,2024-08-02,4.108,3.791,3.618,4.181,4.844,4.366
70,2024-08-01,4.277,3.977,3.835,4.35,5.019,4.627
71,2024-07-31,4.304,4.032,3.914,4.387,5.09,4.75
72,2024-07-30,4.396,4.14,4.034,4.491,5.113,4.798
73,2024-07-29,4.425,4.175,4.076,4.518,5.15,4.823
74,2024-07-26,4.453,4.195,4.076,4.544,5.147,4.806
75,2024-07-25,4.484,4.242,4.132,4.579,5.161,4.841
76,2024-07-24,4.543,4.285,4.173,4.635,5.168,4.844
77,2024-07-23,4.485,4.252,4.164,4.578,5.149,4.877
78,2024-07-22,4.473,4.254,4.174,4.573,5.195,4.893
79,2024-07-19,4.448,4.24,4.167,4.553,5.195,4.881
80,2024-07-18,4.422,4.203,4.12,4.522,5.191,4.867
81,2024-07-17,4.376,4.159,4.078,4.476,5.19,4.85
82,2024-07-16,4.373,4.159,4.075,4.476,5.184,4.84
83,2024-07-15,4.459,4.23,4.133,4.556,5.181,4.846
84,2024-07-12,4.397,4.184,4.103,4.502,5.185,4.863
85,2024-07-11,4.421,4.211,4.143,4.518,5.211,4.902
86,2024-07-10,4.478,4.285,4.238,4.582,5.286,5.002
87,2024-07-09,4.489,4.297,4.244,4.591,5.289,5.037
88,2024-07-08,4.466,4.28,4.241,4.573,5.289,5.012
89,2024-07-05,4.478,4.279,4.226,4.581,5.283,5.002
90,2024-07-03,4.528,4.36,4.325,4.637,5.303,5.049
91,2024-07-02,4.606,4.433,4.395,4.714,5.31,5.086
92,2024-07-01,4.625,4.462,4.427,4.732,5.325,5.11
93,2024-06-28,4.559,4.397,4.377,4.661,5.328,5.118
94,2024-06-27,4.427,4.287,4.298,4.534,5.34,5.108
95,2024-06-26,4.463,4.33,4.344,4.57,5.358,5.137
96,2024-06-25,4.378,4.249,4.277,4.485,5.316,5.11
97,2024-06-24,4.366,4.233,4.256,4.471,5.351,5.098
98,2024-06-21,4.398,4.257,4.275,4.503,5.351,5.101
99,2024-06-20,4.398,4.261,4.276,4.504,5.356,5.11
100,2024-06-18,4.356,4.224,4.244,4.47,5.353,5.093
101,2024-06-17,4.406,4.282,4.304,4.523,5.363,5.114
102,2024-06-14,4.349,4.222,4.239,4.467,5.339,5.066
103,2024-06-13,4.398,4.245,4.245,4.497,5.346,5.078
104,2024-06-12,4.476,4.317,4.317,4.561,5.364,5.122
105,2024-06-11,4.537,4.405,4.419,4.629,5.372,5.175
106,2024-06-10,4.597,4.468,4.483,4.688,5.376,5.179
107,2024-06-07,4.555,4.434,4.463,4.645,5.375,5.181
108,2024-06-06,4.436,4.288,4.3,4.518,5.339,5.089
109,2024-06-05,4.43,4.276,4.295,4.509,5.35,5.1
110,2024-06-04,4.474,4.327,4.346,4.554,5.353,5.124
111,2024-06-03,4.538,4.389,4.407,4.615,5.378,5.15
112,2024-05-31,4.649,4.5,4.508,4.723,5.384,5.182
113,2024-05-30,4.68,4.547,4.568,4.762,5.385,5.193
114,2024-05-29,4.734,4.614,4.634,4.822,5.398,5.217
115,2024-05-28,4.666,4.551,4.595,4.757,5.38,5.22
116,2024-05-24,4.571,4.466,4.529,4.663,5.387,5.203
117,2024-05-23,4.582,4.478,4.531,4.678,5.388,5.201
118,2024-05-22,4.539,4.424,4.463,4.65,5.378,5.166
119,2024-05-21,4.55,4.413,4.435,4.653,5.372,5.14
120,2024-05-20,4.585,4.445,4.468,4.684,5.373,5.152
121,2024-05-17,4.56,4.422,4.446,4.663,5.367,5.134
122,2024-05-16,4.513,4.376,4.4,4.617,5.362,5.122
123,2024-05-15,4.501,4.341,4.346,4.596,5.358,5.09
124,2024-05-14,4.586,4.44,4.455,4.69,5.374,5.169
125,2024-05-13,4.63,4.487,4.507,4.73,5.38,5.181
126,2024-05-10,4.64,4.497,4.514,4.741,5.374,5.177
127,2024-05-09,4.609,4.454,4.47,4.706,5.362,5.141
128,2024-05-08,4.64,4.495,4.5,4.736,5.365,5.147
129,2024-05-07,4.598,4.458,4.472,4.699,5.364,5.142
130,2024-05-06,4.636,4.488,4.488,4.734,5.381,5.127
131,2024-05-03,4.666,4.51,4.5,4.759,5.374,5.125
132,2024-05-02,4.729,4.582,4.571,4.827,5.384,5.163
133,2024-05-01,4.75,4.629,4.649,4.861,5.397,5.208
134,2024-04-30,4.785,4.681,4.716,4.896,5.398,5.244
135,2024-04-29,4.732,4.615,4.645,4.844,5.373,5.199
136,2024-04-26,4.776,4.665,4.688,4.893,5.385,5.205
137,2024-04-25,4.813,4.705,4.72,4.934,5.386,5.211
138,2024-04-24,4.772,4.643,4.657,4.889,5.37,5.161
139,2024-04-23,4.728,4.601,4.63,4.845,5.365,5.142
140,2024-04-22,4.714,4.61,4.651,4.842,5.373,5.169
141,2024-04-19,4.712,4.622,4.671,4.841,5.373,5.167
142,2024-04-18,4.731,4.634,4.678,4.856,5.372,5.175
143,2024-04-17,4.701,4.588,4.617,4.824,5.362,5.161
144,2024-04-16,4.763,4.668,4.702,4.887,5.368,5.187
145,2024-04-15,4.718,4.603,4.621,4.839,5.359,5.164
146,2024-04-12,4.63,4.523,4.559,4.751,5.345,5.138
147,2024-04-11,4.679,4.589,4.633,4.802,5.363,5.162
148,2024-04-10,4.624,4.545,4.605,4.745,5.374,5.205
149,2024-04-09,4.497,4.363,4.375,4.596,5.316,5.042
150,2024-04-08,4.55,4.422,4.431,4.657,5.341,5.084
151,2024-04-05,4.554,4.404,4.396,4.661,5.338,5.062
152,2024-04-04,4.477,4.31,4.298,4.579,5.299,5.007
153,2024-04-03,4.508,4.348,4.328,4.612,5.33,5.036
154,2024-04-02,4.496,4.35,4.342,4.604,5.298,5.046
155,2024-04-01,4.449,4.311,4.321,4.554,5.329,5.067
156,2024-03-28,4.344,4.201,4.213,4.453,5.323,5.029
157,2024-03-27,4.351,4.191,4.187,4.447,5.312,4.994
158,2024-03-26,4.399,4.233,4.222,4.496,5.31,4.995
159,2024-03-25,4.416,4.246,4.229,4.505,5.312,4.982
160,2024-03-22,4.379,4.199,4.183,4.466,5.298,4.97
161,2024-03-21,4.436,4.268,4.254,4.528,5.307,4.998
162,2024-03-20,4.454,4.274,4.246,4.546,5.301,4.987
163,2024-03-19,4.442,4.294,4.298,4.548,5.337,5.092
164,2024-03-18,4.449,4.325,4.343,4.562,5.339,5.084
165,2024-03-15,4.43,4.307,4.327,4.55,5.331,5.073
166,2024-03-14,4.434,4.291,4.289,4.538,5.328,5.067
167,2024-03-13,4.341,4.191,4.199,4.444,5.32,5.035
168,2024-03-12,4.313,4.153,4.149,4.413,5.316,5.002
169,2024-03-11,4.261,4.099,4.089,4.36,5.324,4.963
170,2024-03-08,4.254,4.076,4.047,4.352,5.307,4.93
171,2024-03-07,4.244,4.085,4.074,4.345,5.308,4.939
172,2024-03-06,4.241,4.104,4.118,4.354,5.321,4.962
173,2024-03-05,4.293,4.153,4.146,4.415,5.307,4.949
174,2024-03-04,4.354,4.214,4.203,4.475,5.326,4.992
175,2024-03-01,4.328,4.182,4.158,4.454,5.295,4.945
176,2024-02-29,4.38,4.251,4.246,4.515,5.325,5.004
177,2024-02-28,4.406,4.265,4.261,4.538,5.33,5.007
178,2024-02-27,4.427,4.304,4.312,4.56,5.349,5.024
179,2024-02-26,4.396,4.28,4.313,4.53,5.357,5.034
180,2024-02-23,4.371,4.249,4.281,4.511,5.349,4.999
181,2024-02-22,4.457,4.323,4.329,4.577,5.348,5.009
182,2024-02-21,4.479,4.32,4.305,4.607,5.35,4.987
183,2024-02-20,4.45,4.276,4.253,4.567,5.324,4.945
184,2024-02-16,4.437,4.281,4.275,4.562,5.333,4.974
185,2024-02-15,4.411,4.232,4.216,4.527,5.321,4.954
186,2024-02-14,4.436,4.257,4.24,4.555,5.328,4.949
187,2024-02-13,4.463,4.315,4.317,4.59,5.348,5.017
188,2024-02-12,4.381,4.18,4.138,4.488,5.302,4.877
189,2024-02-09,4.373,4.176,4.138,4.479,5.279,4.866
190,2024-02-08,4.354,4.155,4.118,4.46,5.269,4.846
191,2024-02-07,4.326,4.122,4.071,4.426,5.262,4.821
192,2024-02-06,4.301,4.101,4.046,4.401,5.224,4.814
193,2024-02-05,4.338,4.159,4.12,4.45,5.26,4.868
194,2024-02-02,4.222,4.022,3.983,4.331,5.248,4.807
195,2024-02-01,4.119,3.881,3.814,4.217,5.18,4.689
196,2024-01-31,4.168,3.913,3.836,4.266,5.199,4.715
197,2024-01-30,4.251,4.033,3.97,4.367,5.204,4.79
198,2024-01-29,4.314,4.075,3.983,4.422,5.21,4.762
199,2024-01-26,4.37,4.138,4.037,4.483,5.214,4.779
200,2024-01-25,4.371,4.119,3.999,4.478,5.202,4.763
201,2024-01-24,4.409,4.177,4.089,4.524,5.237,4.819
202,2024-01-23,4.364,4.13,4.04,4.476,5.23,4.838
203,2024-01-22,4.32,4.106,4.029,4.444,5.227,4.863
204,2024-01-19,4.33,4.124,4.052,4.455,5.23,4.859
205,2024-01-18,4.366,4.143,4.048,4.491,5.218,4.818
206,2024-01-17,4.313,4.104,4.027,4.442,5.221,4.827
207,2024-01-16,4.297,4.059,3.934,4.41,5.212,4.724
208,2024-01-12,4.177,3.941,3.832,4.288,5.186,4.67
209,2024-01-11,4.173,3.967,3.88,4.302,5.228,4.747
210,2024-01-10,4.205,4.029,3.974,4.345,5.253,4.825
211,2024-01-09,4.187,4.014,3.971,4.326,5.235,4.829
212,2024-01-08,4.195,4.031,3.988,4.335,5.256,4.841
213,2024-01-05,4.203,4.047,4.007,4.356,5.258,4.844
214,2024-01-04,4.153,4.001,3.981,4.308,5.273,4.848
215,2024-01-03,4.073,3.918,3.904,4.224,5.271,4.813
216,2024-01-02,4.072,3.931,3.914,4.23,5.256,4.803
217,2023-12-29,4.029,3.88,3.848,4.193,5.256,4.773
218,2023-12-28,3.995,3.845,3.839,4.146,5.269,4.802
219,2023-12-27,3.954,3.795,3.796,4.106,5.265,4.782
220,2023-12-26,4.046,3.898,3.889,4.205,5.271,4.812
221,2023-12-22,4.051,3.896,3.873,4.212,5.284,4.833
222,2023-12-21,4.032,3.889,3.876,4.199,5.3,4.85
223,2023-12-20,3.986,3.848,3.845,4.157,5.305,4.885
224,2023-12-19,4.039,3.932,3.936,4.219,5.334,4.923
225,2023-12-18,4.045,3.933,3.932,4.22,5.342,4.958
226,2023-12-15,4.01,3.912,3.91,4.192,5.327,4.957
227,2023-12-14,4.037,3.922,3.905,4.205,5.312,4.911
228,2023-12-13,4.176,4.017,3.971,4.33,5.31,4.907
229,2023-12-12,4.308,4.202,4.221,4.481,5.367,5.131
230,2023-12-11,4.328,4.234,4.247,4.504,5.399,5.126
231,2023-12-08,4.305,4.227,4.24,4.486,5.387,5.128
232,2023-12-07,4.257,4.15,4.136,4.431,5.356,5.055
233,2023-12-06,4.215,4.105,4.104,4.384,5.374,5.077
234,2023-12-05,4.298,4.166,4.136,4.473,5.389,5.056
235,2023-12-04,4.41,4.255,4.207,4.585,5.384,5.09
236,2023-12-01,4.389,4.197,4.125,4.558,5.365,5.025
237,2023-11-30,4.495,4.327,4.268,4.678,5.404,5.127
238,2023-11-29,4.438,4.256,4.21,4.617,5.409,5.111
239,2023-11-28,4.506,4.322,4.278,4.684,5.443,5.189
240,2023-11-27,4.538,4.388,4.412,4.727,5.455,5.252
241,2023-11-24,4.599,4.468,4.486,4.798,5.473,5.272
242,2023-11-22,4.539,4.406,4.433,4.733,5.459,5.259
243,2023-11-21,4.549,4.394,4.402,4.733,5.443,5.249
244,2023-11-20,4.572,4.421,4.441,4.777,5.433,5.253
245,2023-11-17,4.59,4.436,4.443,4.798,5.409,5.243
246,2023-11-16,4.616,4.437,4.42,4.815,5.404,5.236
247,2023-11-15,4.697,4.532,4.519,4.891,5.439,5.271
248,2023-11-14,4.622,4.448,4.439,4.818,5.415,5.233
249,2023-11-13,4.756,4.641,4.663,4.967,5.488,5.374
250,2023-11-10,4.764,4.653,4.686,4.976,5.485,5.381
251,2023-11-09,4.767,4.626,4.641,4.963,5.48,5.379
252,2023-11-08,4.616,4.494,4.506,4.814,5.49,5.341
253,2023-11-07,4.726,4.568,4.537,4.907,5.494,5.325
254,2023-11-06,4.81,4.644,4.589,4.991,5.483,5.334
255,2023-11-03,4.768,4.573,4.504,4.943,5.47,5.284
256,2023-11-02,4.802,4.66,4.636,4.992,5.517,5.38
257,2023-11-01,4.929,4.735,4.652,5.106,5.533,5.368
258,2023-10-31,5.095,4.932,4.854,5.287,5.57,5.46
259,2023-10-30,5.05,4.895,4.824,5.244,5.55,5.429
260,2023-10-27,5.016,4.837,4.763,5.211,5.531,5.406
261,2023-10-26,4.988,4.846,4.798,5.188,5.544,5.409
262,2023-10-25,5.087,4.957,4.922,5.294,5.561,5.444
263,2023-10-24,4.939,4.825,4.822,5.154,5.561,5.431
264,2023-10-23,5.001,4.851,4.799,5.203,5.539,5.409
265,2023-10-20,5.078,4.916,4.86,5.288,5.536,5.398
266,2023-10-19,5.112,4.991,4.957,5.342,5.54,5.425
267,2023-10-18,4.996,4.916,4.935,5.237,5.577,5.465
268,2023-10-17,4.926,4.836,4.869,5.155,5.576,5.476
269,2023-10-16,4.852,4.707,4.717,5.07,5.571,5.422
270,2023-10-13,4.754,4.613,4.641,4.965,5.563,5.396
271,2023-10-12,4.855,4.699,4.693,5.055,5.572,5.412
272,2023-10-11,4.695,4.559,4.578,4.898,5.558,5.37
273,2023-10-10,4.833,4.654,4.615,5.033,5.548,5.358
274,2023-10-06,4.97,4.803,4.758,5.17,5.586,5.427
275,2023-10-05,4.892,4.72,4.687,5.079,5.556,5.38
276,2023-10-04,4.859,4.734,4.725,5.056,5.57,5.422
277,2023-10-03,4.924,4.797,4.8,5.121,5.578,5.49
278,2023-10-02,4.789,4.68,4.709,4.995,5.569,5.501
279,2023-09-29,4.701,4.572,4.611,4.899,5.547,5.462
280,2023-09-28,4.705,4.576,4.624,4.902,5.547,5.469
281,2023-09-27,4.72,4.609,4.686,4.917,5.561,5.488
282,2023-09-26,4.676,4.537,4.606,4.86,5.551,5.462
283,2023-09-25,4.653,4.535,4.615,4.834,5.539,5.451
284,2023-09-22,4.526,4.435,4.559,4.712,5.536,5.455
285,2023-09-21,4.575,4.496,4.622,4.771,5.536,5.454
286,2023-09-20,4.446,4.409,4.585,4.64,5.533,5.478
287,2023-09-19,4.425,4.36,4.512,4.613,5.511,5.447
288,2023-09-18,4.385,4.304,4.45,4.566,5.523,5.433
289,2023-09-15,4.418,4.334,4.465,4.603,5.512,5.426
290,2023-09-14,4.382,4.289,4.42,4.564,5.526,5.427
291,2023-09-13,4.344,4.251,4.384,4.528,5.529,5.415
292,2023-09-12,4.352,4.283,4.43,4.543,5.534,5.424
293,2023-09-11,4.373,4.292,4.413,4.565,5.524,5.408
294,2023-09-08,4.339,4.267,4.404,4.531,5.527,5.403
295,2023-09-07,4.342,4.247,4.375,4.529,5.521,5.399
296,2023-09-06,4.354,4.282,4.418,4.547,5.538,5.434
297,2023-09-05,4.371,4.263,4.377,4.56,5.521,5.424
298,2023-09-01,4.295,4.18,4.297,4.482,5.49,5.37
299,2023-08-31,4.213,4.109,4.255,4.406,5.505,5.393
300,2023-08-30,4.227,4.116,4.269,4.417,5.535,5.4
301,2023-08-29,4.231,4.123,4.278,4.421,5.539,5.39
302,2023-08-28,4.278,4.205,4.402,4.481,5.567,5.455
303,2023-08-25,4.286,4.237,4.44,4.495,5.556,5.448
304,2023-08-24,4.303,4.238,4.415,4.507,5.529,5.405
305,2023-08-23,4.27,4.195,4.371,4.483,5.501,5.366
306,2023-08-22,4.401,4.327,4.489,4.609,5.478,5.398
307,2023-08-21,4.447,4.341,4.467,4.64,5.504,5.379
308,2023-08-18,4.377,4.256,4.387,4.562,5.485,5.344
309,2023-08-17,4.388,4.278,4.409,4.573,5.498,5.353
310,2023-08-16,4.353,4.252,4.405,4.538,5.509,5.364
311,2023-08-15,4.317,4.215,4.374,4.5,5.506,5.357
312,2023-08-14,4.29,4.193,4.362,4.47,5.494,5.367
313,2023-08-11,4.263,4.155,4.303,4.447,5.477,5.344
314,2023-08-10,4.253,4.108,4.233,4.426,5.486,5.327
315,2023-08-09,4.173,4.013,4.138,4.335,5.502,5.348
316,2023-08-08,4.209,4.026,4.112,4.365,5.496,5.319
317,2023-08-07,4.271,4.093,4.167,4.426,5.462,5.332
318,2023-08-04,4.202,4.037,4.135,4.369,5.453,5.321
319,2023-08-03,4.292,4.178,4.293,4.474,5.477,5.379
320,2023-08-02,4.176,4.082,4.238,4.364,5.487,5.367
321,2023-08-01,4.095,4.026,4.217,4.297,5.491,5.384
322,2023-07-31,4.01,3.962,4.178,4.213,5.467,5.388
323,2023-07-28,4.011,3.953,4.178,4.215,5.479,5.373
324,2023-07-27,4.04,4.002,4.241,4.247,5.497,5.394
325,2023-07-26,3.937,3.87,4.117,4.133,5.495,5.374
326,2023-07-25,3.93,3.887,4.168,4.136,5.463,5.384
327,2023-07-24,3.925,3.874,4.153,4.125,5.483,5.379
328,2023-07-21,3.901,3.839,4.094,4.103,5.473,5.328
329,2023-07-20,3.91,3.853,4.104,4.108,5.48,5.334
330,2023-07-19,3.842,3.75,3.986,4.03,5.48,5.311
331,2023-07-18,3.896,3.788,4.007,4.076,5.482,5.328
332,2023-07-17,3.93,3.81,4.02,4.103,5.467,5.326
333,2023-07-14,3.929,3.834,4.048,4.117,5.474,5.317
334,2023-07-13,3.902,3.766,3.95,4.074,5.457,5.272
335,2023-07-12,3.95,3.86,4.074,4.137,5.475,5.337
336,2023-07-11,4.01,3.972,4.23,4.216,5.507,5.398
337,2023-07-10,4.033,3.997,4.236,4.239,5.492,5.388
338,2023-07-07,4.047,4.068,4.361,4.273,5.476,5.409
339,2023-07-06,4.003,4.032,4.348,4.236,5.49,5.427
340,2023-07-05,3.929,3.934,4.25,4.15,5.478,5.401
341,2023-07-03,3.865,3.857,4.189,4.079,5.439,5.42
342,2023-06-30,3.862,3.84,4.156,4.074,5.433,5.416
343,2023-06-29,3.901,3.841,4.132,4.105,5.459,5.401
344,2023-06-28,3.809,3.71,3.968,3.999,5.449,5.329
345,2023-06-27,3.843,3.767,4.031,4.04,5.414,5.321
346,2023-06-26,3.816,3.723,3.969,4.008,5.42,5.271
347,2023-06-23,3.814,3.736,3.992,4.013,5.402,5.25
348,2023-06-22,3.871,3.797,4.044,4.066,5.4,5.273
349,2023-06-21,3.808,3.722,3.957,3.994,5.403,5.246
350,2023-06-20,3.812,3.724,3.954,3.998,5.338,5.229
351,2023-06-16,3.853,3.766,3.985,4.045,5.325,5.228
352,2023-06-15,3.839,3.719,3.912,4.015,5.312,5.189
353,2023-06-14,3.883,3.789,3.99,4.07,5.349,5.239
354,2023-06-13,3.921,3.816,3.992,4.102,5.342,5.227
355,2023-06-12,3.882,3.739,3.895,4.052,5.36,5.209
356,2023-06-09,3.883,3.743,3.914,4.053,5.373,5.202
357,2023-06-08,3.89,3.72,3.859,4.051,5.372,5.142
358,2023-06-07,3.949,3.798,3.941,4.122,5.412,5.161
359,2023-06-06,3.845,3.662,3.809,4.003,5.424,5.184
360,2023-06-05,3.887,3.685,3.819,4.037,5.42,5.171
361,2023-06-02,3.889,3.695,3.845,4.043,5.462,5.236
362,2023-06-01,3.815,3.598,3.698,3.97,5.411,5.138
363,2023-05-31,3.862,3.646,3.756,4.019,5.44,5.177
364,2023-05-30,3.893,3.688,3.808,4.059,5.419,5.216
365,2023-05-26,3.962,3.8,3.929,4.141,5.389,5.241
366,2023-05-25,3.996,3.82,3.914,4.165,5.419,5.244
367,2023-05-24,3.987,3.745,3.82,4.129,5.393,5.127
368,2023-05-23,3.948,3.695,3.744,4.085,5.348,5.072
369,2023-05-22,3.967,3.718,3.763,4.098,5.309,5.064
370,2023-05-19,3.929,3.675,3.733,4.061,5.319,5.012
371,2023-05-18,3.905,3.649,3.685,4.032,5.327,4.998
372,2023-05-17,3.856,3.567,3.586,3.964,5.254,4.902
373,2023-05-16,3.855,3.538,3.527,3.951,5.218,4.896
374,2023-05-15,3.844,3.505,3.47,3.929,5.149,4.765
375,2023-05-12,3.791,3.466,3.447,3.88,5.108,4.764
376,2023-05-11,3.742,3.387,3.357,3.816,5.093,4.736
377,2023-05-10,3.799,3.444,3.385,3.871,5.091,4.712
378,2023-05-09,3.839,3.521,3.496,3.926,5.142,4.842
379,2023-05-08,3.824,3.51,3.492,3.913,5.052,4.81
380,2023-05-05,3.754,3.44,3.412,3.841,5.066,4.748
381,2023-05-04,3.733,3.381,3.33,3.806,4.994,4.639
382,2023-05-03,3.683,3.34,3.3,3.763,4.973,4.659
383,2023-05-02,3.713,3.427,3.449,3.815,4.969,4.745
384,2023-05-01,3.811,3.57,3.635,3.93,5.079,4.864
385,2023-04-28,3.676,3.425,3.485,3.801,5.02,4.759
386,2023-04-27,3.753,3.523,3.593,3.88,5.047,4.774
387,2023-04-26,3.705,3.45,3.498,3.818,4.993,4.67
388,2023-04-25,3.66,3.402,3.45,3.773,4.959,4.637
389,2023-04-24,3.713,3.493,3.571,3.836,5.017,4.721
390,2023-04-21,3.778,3.574,3.665,3.909,5.039,4.76
391,2023-04-20,3.742,3.535,3.627,3.867,5.037,4.733
392,2023-04-19,3.788,3.593,3.702,3.912,5.071,4.812
393,2023-04-18,3.788,3.578,3.68,3.901,5.072,4.812
394,2023-04-17,3.813,3.602,3.7,3.924,5.049,4.827
395,2023-04-14,3.737,3.516,3.607,3.85,5.019,4.784
396,2023-04-13,3.689,3.448,3.501,3.792,4.933,4.658
397,2023-04-12,3.626,3.393,3.464,3.738,4.943,4.659
398,2023-04-11,3.622,3.428,3.53,3.744,4.956,4.669
399,2023-04-10,3.63,3.42,3.52,3.744,4.931,4.662
400,2023-04-06,3.552,3.308,3.376,3.668,4.823,4.491
401,2023-04-05,3.571,3.313,3.372,3.682,4.784,4.442
402,2023-04-04,3.598,3.341,3.39,3.715,4.734,4.464
403,2023-04-03,3.631,3.415,3.502,3.768,4.866,4.58
404,2023-03-31,3.651,3.47,3.576,3.796,4.883,4.619
405,2023-03-30,3.735,3.552,3.685,3.877,4.881,4.615
406,2023-03-29,3.762,3.567,3.683,3.907,4.848,4.544
407,2023-03-28,3.772,3.571,3.677,3.915,4.841,4.544
408,2023-03-27,3.762,3.533,3.593,3.898,4.822,4.492
409,2023-03-24,3.647,3.378,3.409,3.773,4.708,4.271
410,2023-03-23,3.7,3.429,3.441,3.84,4.743,4.359
411,2023-03-22,3.654,3.437,3.513,3.802,4.843,4.494
412,2023-03-21,3.734,3.612,3.75,3.912,4.912,4.593
413,2023-03-20,3.668,3.488,3.591,3.844,4.785,4.358
414,2023-03-17,3.627,3.432,3.501,3.788,4.645,4.194
415,2023-03-16,3.702,3.581,3.739,3.863,4.859,4.473
416,2023-03-15,3.646,3.458,3.553,3.774,4.624,4.061
417,2023-03-14,3.806,3.693,3.856,3.947,4.905,4.473
418,2023-03-13,3.714,3.575,3.702,3.864,4.656,4.211
419,2023-03-10,3.709,3.701,3.967,3.907,5.082,4.853
420,2023-03-09,3.851,3.906,4.193,4.068,5.231,5.138
421,2023-03-08,3.895,3.994,4.351,4.125,5.278,5.239
422,2023-03-07,3.873,3.967,4.312,4.111,5.209,5.216
423,2023-03-06,3.894,3.961,4.254,4.125,5.139,5.048
424,2023-03-03,3.877,3.955,4.247,4.107,5.125,5.02
425,2023-03-02,3.994,4.059,4.313,4.223,5.134,5.014
426,2023-03-01,3.955,3.995,4.258,4.164,5.142,5.038
427,2023-02-28,3.917,3.923,4.184,4.11,5.147,5.01
428,2023-02-27,3.927,3.916,4.169,4.109,5.077,5.017
429,2023-02-24,3.932,3.947,4.216,4.119,5.101,5.029
430,2023-02-23,3.887,3.881,4.108,4.049,5.078,5.023
431,2023-02-22,3.915,3.919,4.153,4.081,5.1,5.051
432,2023-02-21,3.973,3.955,4.175,4.129,5.023,5.021
433,2023-02-17,3.871,3.82,4.031,4.013,5.014,4.992
434,2023-02-16,3.916,3.864,4.074,4.056,5.008,4.983
435,2023-02-15,3.843,3.808,4.038,3.989,4.994,4.96
436,2023-02-14,3.776,3.746,4.002,3.916,5.014,4.969
437,2023-02-13,3.775,3.703,3.912,3.907,4.936,4.906
438,2023-02-10,3.818,3.739,3.923,3.954,4.919,4.88
439,2023-02-09,3.728,3.661,3.859,3.882,4.922,4.868
440,2023-02-08,3.672,3.614,3.79,3.824,4.915,4.846
441,2023-02-07,3.714,3.676,3.835,3.87,4.884,4.855
442,2023-02-06,3.676,3.643,3.829,3.826,4.846,4.868
443,2023-02-03,3.615,3.526,3.66,3.754,4.836,4.76
444,2023-02-02,3.548,3.395,3.489,3.66,4.774,4.633
445,2023-02-01,3.567,3.42,3.517,3.686,4.811,4.647
446,2023-01-31,3.634,3.511,3.618,3.768,4.825,4.673
447,2023-01-30,3.653,3.539,3.663,3.781,4.777,4.696
448,2023-01-27,3.622,3.505,3.612,3.75,4.827,4.664
449,2023-01-26,3.641,3.501,3.595,3.768,4.825,4.668
450,2023-01-25,3.595,3.444,3.547,3.718,4.817,4.648
451,2023-01-24,3.607,3.455,3.576,3.724,4.845,4.666
452,2023-01-23,3.682,3.515,3.621,3.797,4.822,4.696
453,2023-01-20,3.655,3.481,3.563,3.775,4.818,4.675
454,2023-01-19,3.562,3.393,3.484,3.687,4.819,4.666
455,2023-01-18,3.539,3.373,3.439,3.661,4.808,4.631
456,2023-01-17,3.662,3.551,3.622,3.82,4.763,4.677
457,2023-01-13,3.611,3.505,3.612,3.78,4.782,4.679
458,2023-01-12,3.578,3.445,3.537,3.748,4.785,4.663
459,2023-01-11,3.673,3.542,3.659,3.839,4.848,4.721
460,2023-01-10,3.756,3.622,3.731,3.922,4.838,4.716
461,2023-01-09,3.661,3.536,3.675,3.828,4.822,4.682
462,2023-01-06,3.689,3.56,3.7,3.857,4.814,4.698
463,2023-01-05,3.795,3.72,3.914,3.969,4.841,4.77
464,2023-01-04,3.8,3.686,3.842,3.961,4.775,4.679
465,2023-01-03,3.84,3.741,3.896,4.015,4.769,4.703
466,2022-12-30,3.966,3.877,4.005,4.147,4.761,4.71
467,2022-12-29,3.901,3.817,3.942,4.073,4.717,4.683
468,2022-12-28,3.972,3.885,3.968,4.138,4.738,4.68
469,2022-12-27,3.929,3.844,3.941,4.102,4.659,4.683
470,2022-12-23,3.825,3.749,3.858,4.003,4.656,4.646
471,2022-12-22,3.742,3.681,3.804,3.931,4.656,4.614
472,2022-12-21,3.716,3.664,3.771,3.904,4.673,4.592
473,2022-12-20,3.744,3.686,3.789,3.94,4.695,4.627
474,2022-12-19,3.637,3.587,3.715,3.828,4.652,4.614
475,2022-12-16,3.546,3.488,3.626,3.741,4.65,4.588
476,2022-12-15,3.497,3.449,3.619,3.689,4.672,4.628
477,2022-12-14,3.535,3.48,3.614,3.734,4.685,4.604
478,2022-12-13,3.535,3.503,3.652,3.747,4.685,4.615
479,2022-12-12,3.574,3.613,3.79,3.814,4.759,4.732
480,2022-12-09,3.562,3.582,3.77,3.812,4.727,4.698
481,2022-12-08,3.432,3.484,3.708,3.687,4.711,4.67
482,2022-12-07,3.434,3.419,3.625,3.665,4.706,4.657
483,2022-12-06,3.544,3.533,3.753,3.781,4.73,4.727
484,2022-12-05,3.587,3.576,3.779,3.807,4.707,4.744
485,2022-12-02,3.55,3.489,3.653,3.767,4.653,4.663
486,2022-12-01,3.601,3.508,3.665,3.804,4.65,4.637
487,2022-11-30,3.738,3.607,3.738,3.931,4.681,4.712
488,2022-11-29,3.804,3.746,3.925,4.019,4.716,4.739
489,2022-11-28,3.723,3.683,3.877,3.952,4.688,4.741
490,2022-11-25,3.737,3.682,3.859,3.958,4.69,4.742
491,2022-11-23,3.731,3.695,3.885,3.972,4.676,4.739
492,2022-11-22,3.826,3.757,3.945,4.058,4.699,4.779
493,2022-11-21,3.9,3.83,4.024,4.132,4.626,4.748
494,2022-11-18,3.929,3.83,4.01,4.155,4.631,4.724
495,2022-11-17,3.877,3.768,3.939,4.099,4.586,4.678
496,2022-11-16,3.841,3.692,3.852,4.071,4.555,4.602
497,2022-11-15,3.963,3.772,3.897,4.19,4.513,4.576
498,2022-11-14,4.038,3.856,3.991,4.258,4.547,4.596
499,2022-11-10,4.053,3.814,3.938,4.234,4.543,4.577
500,2022-11-09,4.27,4.095,4.243,4.472,4.588,4.686
501,2022-11-08,4.277,4.127,4.295,4.49,4.604,4.735
502,2022-11-07,4.321,4.216,4.389,4.559,4.58,4.757
503,2022-11-04,4.25,4.16,4.333,4.501,4.566,4.729
504,2022-11-03,4.184,4.149,4.37,4.455,4.587,4.771
505,2022-11-02,4.143,4.104,4.311,4.426,4.563,4.72
506,2022-11-01,4.094,4.044,4.269,4.36,4.598,4.649
507,2022-10-31,4.167,4.05,4.23,4.406,4.544,4.636
508,2022-10-28,4.145,4.016,4.185,4.399,4.495,4.547
509,2022-10-27,4.086,3.921,4.062,4.32,4.434,4.459
510,2022-10-26,4.14,4.005,4.186,4.366,4.458,4.524
511,2022-10-25,4.26,4.103,4.262,4.479,4.507,4.576
512,2022-10-24,4.381,4.244,4.364,4.61,4.466,4.586
513,2022-10-21,4.339,4.22,4.343,4.583,4.423,4.548
514,2022-10-20,4.221,4.229,4.446,4.482,4.489,4.625
515,2022-10-19,4.126,4.136,4.359,4.397,4.454,4.602
516,2022-10-18,4.031,4.009,4.223,4.29,4.363,4.488
517,2022-10-17,4.022,4.012,4.231,4.296,4.34,4.475
518,2022-10-14,3.995,4.021,4.269,4.301,4.312,4.484
519,2022-10-13,3.918,3.946,4.201,4.234,4.291,4.443
520,2022-10-12,3.876,3.897,4.119,4.181,4.158,4.25
521,2022-10-11,3.924,3.949,4.171,4.225,4.109,4.266
522,2022-10-07,3.844,3.883,4.144,4.143,4.087,4.227
523,2022-10-06,3.786,3.825,4.069,4.083,4.045,4.201
524,2022-10-05,3.756,3.756,3.967,4.05,3.997,4.129
525,2022-10-04,3.696,3.635,3.856,3.979,3.982,3.943
526,2022-10-03,3.68,3.641,3.879,3.961,3.927,3.967
527,2022-09-30,3.779,3.832,4.092,4.091,3.934,3.989
528,2022-09-29,3.726,3.789,4.018,4.036,3.894,3.946
529,2022-09-28,3.7,3.733,3.95,3.999,3.885,3.966
530,2022-09-27,3.827,3.947,4.186,4.14,3.94,4.106
531,2022-09-26,3.742,3.926,4.194,4.061,3.863,4.136
532,2022-09-23,3.608,3.689,3.981,3.894,3.869,4.1
533,2022-09-22,3.642,3.715,3.937,3.912,3.883,4.042
534,2022-09-21,3.505,3.532,3.767,3.758,3.897,4.054
535,2022-09-20,3.573,3.564,3.747,3.828,3.832,4.017
536,2022-09-19,3.517,3.491,3.684,3.792,3.856,4.029
537,2022-09-16,3.515,3.452,3.634,3.785,3.798,3.961
538,2022-09-15,3.468,3.451,3.667,3.751,3.801,3.98
539,2022-09-14,3.459,3.405,3.604,3.728,3.783,3.936
540,2022-09-13,3.489,3.409,3.58,3.746,3.743,3.882
541,2022-09-12,3.514,3.36,3.451,3.753,3.557,3.664
542,2022-09-09,3.449,3.313,3.436,3.703,3.544,3.633
543,2022-09-08,3.477,3.319,3.423,3.721,3.467,3.595
544,2022-09-07,3.413,3.265,3.359,3.663,3.429,3.584
545,2022-09-06,3.503,3.35,3.453,3.759,3.386,3.516
546,2022-09-02,3.347,3.192,3.294,3.614,3.334,3.431
547,2022-09-01,3.362,3.255,3.399,3.641,3.376,3.5
548,2022-08-31,3.294,3.195,3.353,3.571,3.345,3.505
549,2022-08-30,3.218,3.104,3.267,3.492,3.332,3.451
550,2022-08-29,3.242,3.105,3.254,3.498,3.291,3.4
551,2022-08-26,3.194,3.043,3.207,3.434,3.217,3.329
552,2022-08-25,3.242,3.028,3.153,3.462,3.216,3.314
553,2022-08-24,3.314,3.107,3.234,3.551,3.219,3.334
554,2022-08-23,3.257,3.048,3.167,3.501,3.157,3.287
555,2022-08-22,3.227,3.017,3.159,3.475,3.164,3.296
556,2022-08-19,3.215,2.975,3.094,3.444,3.11,3.225
557,2022-08-18,3.138,2.883,3.029,3.357,3.09,3.2
558,2022-08-17,3.154,2.9,3.052,3.392,3.099,3.263
559,2022-08-16,3.091,2.805,2.955,3.3,3.094,3.272
560,2022-08-15,3.103,2.789,2.901,3.313,3.055,3.225
561,2022-08-12,3.112,2.834,2.957,3.329,3.057,3.257
562,2022-08-11,3.177,2.889,2.988,3.396,3.029,3.239
563,2022-08-10,3.034,2.785,2.924,3.272,3.06,3.243
564,2022-08-09,2.992,2.78,2.963,3.226,3.126,3.274
565,2022-08-08,2.986,2.758,2.909,3.214,3.07,3.259
566,2022-08-05,3.07,2.83,2.958,3.277,3.046,3.239
567,2022-08-04,2.967,2.689,2.794,3.156,2.942,3.085
568,2022-08-03,2.947,2.706,2.827,3.161,2.949,3.091
569,2022-08-02,3.009,2.749,2.855,3.215,2.971,3.058
570,2022-08-01,2.915,2.576,2.637,3.109,2.849,2.945
571,2022-07-29,3.011,2.651,2.678,3.218,2.861,2.935
572,2022-07-28,3.025,2.677,2.7,3.237,2.827,2.922
573,2022-07-27,3.068,2.788,2.844,3.3,2.893,2.984
574,2022-07-26,3.028,2.809,2.904,3.278,2.946,3.039
575,2022-07-25,3.018,2.798,2.882,3.264,2.957,3.027
576,2022-07-22,2.975,2.752,2.844,3.214,2.926,2.999
577,2022-07-21,3.044,2.877,2.984,3.303,2.946,3.074
578,2022-07-20,3.16,3.027,3.165,3.421,3.001,3.172
579,2022-07-19,3.177,3.023,3.154,3.433,3.015,3.178
580,2022-07-18,3.157,2.987,3.105,3.425,2.923,3.121
581,2022-07-15,3.08,2.919,3.037,3.327,2.867,3.063
582,2022-07-14,3.106,2.962,3.067,3.373,2.861,3.13
583,2022-07-13,3.12,2.935,3.03,3.396,2.903,3.167
584,2022-07-12,3.163,2.971,3.019,3.412,2.732,2.949
585,2022-07-11,3.176,2.995,3.057,3.422,2.692,2.952
586,2022-07-08,3.249,3.082,3.125,3.516,2.629,2.904
587,2022-07-07,3.188,2.997,3.034,3.451,2.603,2.835
588,2022-07-06,3.121,2.932,2.981,3.407,2.568,2.778
589,2022-07-05,3.042,2.808,2.819,3.319,2.508,2.713
590,2022-07-01,3.105,2.882,2.879,3.354,2.473,2.721
591,2022-06-30,3.185,3.016,3.04,3.437,2.486,2.777
592,2022-06-29,3.22,3.092,3.144,3.473,2.502,2.818
593,2022-06-28,3.282,3.174,3.234,3.541,2.494,2.839
594,2022-06-27,3.315,3.203,3.257,3.578,2.525,2.847
595,2022-06-24,3.261,3.135,3.187,3.519,2.478,2.783
596,2022-06-23,3.202,3.091,3.147,3.461,2.416,2.757
597,2022-06-22,3.251,3.16,3.232,3.502,2.392,2.771
598,2022-06-21,3.339,3.278,3.364,3.59,2.357,2.889
599,2022-06-17,3.283,3.228,3.344,3.533,2.217,2.834
600,2022-06-16,3.251,3.198,3.286,3.509,2.188,2.821
601,2022-06-15,3.332,3.288,3.367,3.59,2.213,2.899
602,2022-06-14,3.427,3.476,3.591,3.716,2.394,3.006
603,2022-06-13,3.35,3.365,3.483,3.622,2.272,2.97
604,2022-06-10,3.196,3.158,3.259,3.445,1.945,2.495
605,2022-06-09,3.165,3.044,3.065,3.396,1.799,2.274
606,2022-06-08,3.174,3.023,3.032,3.4,1.764,2.239
607,2022-06-07,3.126,2.976,2.986,3.347,1.742,2.2
608,2022-06-06,3.197,3.042,3.035,3.429,1.69,2.193
609,2022-06-03,3.089,2.937,2.935,3.309,1.64,2.141
610,2022-06-02,3.078,2.91,2.91,3.295,1.624,2.115
611,2022-06-01,3.059,2.909,2.917,3.283,1.621,2.114
612,2022-05-31,3.047,2.847,2.82,3.256,1.567,2.067
613,2022-05-27,2.966,2.74,2.718,3.157,1.508,1.978
614,2022-05-26,2.984,2.75,2.711,3.168,1.489,1.97
615,2022-05-25,2.971,2.747,2.721,3.159,1.487,2.009
616,2022-05-24,2.969,2.753,2.743,3.155,1.498,1.985
617,2022-05-23,3.054,2.853,2.869,3.253,1.501,2.073
618,2022-05-20,2.989,2.783,2.801,3.171,1.476,2.046
619,2022-05-19,3.051,2.84,2.842,3.236,1.49,2.092
620,2022-05-18,3.066,2.887,2.893,3.269,1.521,2.02
621,2022-05-17,3.18,2.988,2.965,3.386,1.525,2.046
622,2022-05-16,3.102,2.885,2.827,3.313,1.464,1.99
623,2022-05-13,3.083,2.921,2.867,3.316,1.433,1.929
624,2022-05-12,3.018,2.851,2.822,3.234,1.422,1.9
625,2022-05-11,3.048,2.927,2.897,3.266,1.405,1.923
626,2022-05-10,3.126,2.994,2.916,3.343,1.419,1.914
627,2022-05-09,3.153,3.037,2.948,3.382,1.323,1.915
628,2022-05-06,3.228,3.131,3.079,3.446,1.35,1.994
629,2022-05-05,3.122,3.04,3.01,3.348,1.328,2.033
630,2022-05-04,3.037,2.937,2.914,3.238,1.396,2.008
631,2022-05-03,3.011,2.975,3.023,3.223,1.431,2.111
632,2022-05-02,3.036,2.985,3.006,3.249,1.402,2.057
633,2022-04-29,3.0,2.937,2.957,3.21,1.405,2.07
634,2022-04-28,2.895,2.825,2.84,3.09,1.373,1.981
635,2022-04-27,2.923,2.834,2.831,3.117,1.369,1.951
636,2022-04-26,2.83,2.723,2.735,3.016,1.369,1.928
637,2022-04-25,2.891,2.823,2.861,3.083,1.298,2.012
638,2022-04-22,2.947,2.902,2.933,3.148,1.315,2.031
639,2022-04-21,2.93,2.912,2.976,3.133,1.288,1.991
640,2022-04-20,2.874,2.835,2.862,3.062,1.269,1.921
641,2022-04-19,2.997,2.939,2.918,3.191,1.281,1.821
642,2022-04-18,2.942,2.856,2.791,3.131,1.225,1.751
643,2022-04-14,2.918,2.829,2.788,3.096,1.221,1.734
644,2022-04-13,2.814,2.702,2.654,2.987,1.174,1.672
645,2022-04-12,2.813,2.724,2.69,2.994,1.187,1.685
646,2022-04-11,2.811,2.782,2.791,3.008,1.162,1.775
647,2022-04-08,2.72,2.705,2.756,2.914,1.152,1.754
648,2022-04-07,2.681,2.66,2.709,2.865,1.129,1.717
649,2022-04-06,2.628,2.6,2.683,2.808,1.133,1.737
650,2022-04-05,2.574,2.549,2.697,2.749,1.131,1.732
651,2022-04-04,2.458,2.398,2.552,2.618,1.064,1.679
652,2022-04-01,2.434,2.385,2.56,2.593,1.062,1.699
653,2022-03-31,2.45,2.341,2.462,2.603,1.019,1.607
654,2022-03-30,2.477,2.352,2.44,2.628,1.011,1.611
655,2022-03-29,2.503,2.397,2.5,2.661,1.042,1.655
656,2022-03-28,2.542,2.461,2.558,2.705,0.989,1.673
657,2022-03-25,2.587,2.477,2.546,2.743,0.983,1.645
658,2022-03-24,2.541,2.374,2.399,2.666,0.937,1.547
659,2022-03-23,2.486,2.294,2.32,2.613,0.912,1.499
660,2022-03-22,2.603,2.384,2.4,2.724,0.949,1.328
661,2022-03-21,2.519,2.292,2.323,2.644,0.882,1.275
662,2022-03-18,2.423,2.152,2.144,2.541,0.794,1.203
663,2022-03-17,2.471,2.173,2.145,2.581,0.782,1.212
664,2022-03-16,2.455,2.188,2.182,2.563,0.814,1.259
665,2022-03-15,2.479,2.146,2.107,2.566,0.844,1.204
666,2022-03-14,2.473,2.135,2.092,2.567,0.796,1.227
667,2022-03-11,2.356,1.995,1.948,2.445,0.743,1.135
668,2022-03-10,2.369,1.99,1.925,2.449,0.729,1.129
669,2022-03-09,2.337,1.955,1.88,2.413,0.725,1.123
670,2022-03-08,2.229,1.848,1.778,2.332,0.705,1.068
671,2022-03-07,2.188,1.776,1.706,2.288,0.679,1.039
672,2022-03-04,2.158,1.733,1.639,2.225,0.652,1.016
673,2022-03-03,2.221,1.842,1.734,2.304,0.656,1.043
674,2022-03-02,2.251,1.879,1.757,2.342,0.66,1.033
675,2022-03-01,2.107,1.73,1.595,2.197,0.6,0.902
676,2022-02-28,2.164,1.827,1.719,2.245,0.641,0.991
677,2022-02-25,2.276,1.964,1.867,2.357,0.699,1.103
678,2022-02-24,2.28,1.966,1.863,2.365,0.659,1.078
679,2022-02-23,2.296,1.992,1.904,2.371,0.724,1.145
680,2022-02-22,2.239,1.941,1.864,2.307,0.694,1.043
681,2022-02-18,2.244,1.931,1.821,2.303,0.638,0.979
682,2022-02-17,2.296,1.963,1.842,2.34,0.645,0.995
683,2022-02-16,2.347,2.04,1.919,2.411,0.67,1.022
684,2022-02-15,2.359,2.045,1.942,2.415,0.731,1.062
685,2022-02-14,2.287,1.989,1.913,2.352,0.736,1.082
686,2022-02-11,2.241,1.941,1.856,2.306,0.692,1.029
687,2022-02-10,2.318,2.032,1.952,2.383,0.767,1.111
688,2022-02-09,2.246,1.942,1.818,2.303,0.586,0.895
689,2022-02-08,2.259,1.965,1.818,2.32,0.58,0.881
690,2022-02-07,2.218,1.917,1.766,2.283,0.546,0.848
691,2022-02-04,2.212,1.911,1.77,2.276,0.55,0.869
692,2022-02-03,2.153,1.832,1.671,2.211,0.476,0.762
693,2022-02-02,2.109,1.777,1.609,2.163,0.455,0.733
694,2022-02-01,2.111,1.789,1.619,2.177,0.48,0.77
695,2022-01-31,2.109,1.778,1.61,2.177,0.461,0.779
696,2022-01-28,2.075,1.772,1.613,2.145,0.424,0.744
697,2022-01-27,2.094,1.801,1.659,2.163,0.433,0.748
698,2022-01-26,2.166,1.866,1.685,2.236,0.405,0.707
699,2022-01-25,2.114,1.771,1.555,2.172,0.383,0.596
700,2022-01-24,2.114,1.772,1.548,2.174,0.35,0.56
701,2022-01-21,2.074,1.76,1.559,2.141,0.354,0.555
702,2022-01-20,2.118,1.806,1.587,2.182,0.352,0.547
703,2022-01-19,2.177,1.866,1.65,2.24,0.364,0.541
704,2022-01-18,2.189,1.875,1.659,2.259,0.352,0.548
705,2022-01-14,2.124,1.787,1.559,2.186,0.292,0.491
706,2022-01-13,2.045,1.706,1.474,2.106,0.277,0.448
707,2022-01-12,2.087,1.745,1.52,2.143,0.278,0.451
708,2022-01-11,2.063,1.737,1.501,2.117,0.274,0.44
709,2022-01-10,2.09,1.761,1.519,2.138,0.256,0.435
710,2022-01-07,2.117,1.764,1.5,2.152,0.236,0.416
711,2022-01-06,2.077,1.723,1.47,2.11,0.233,0.421
712,2022-01-05,2.097,1.707,1.431,2.122,0.23,0.398
713,2022-01-04,2.066,1.649,1.358,2.093,0.216,0.371
714,2022-01-03,2.026,1.63,1.356,2.053,0.199,0.389
715,2021-12-31,1.904,1.512,1.264,1.935,0.185,0.383
716,2021-12-30,1.918,1.511,1.265,1.955,0.181,0.367
717,2021-12-29,1.963,1.552,1.298,1.999,0.193,0.379
718,2021-12-28,1.902,1.483,1.246,1.932,0.199,0.283
719,2021-12-27,1.885,1.478,1.247,1.921,0.179,0.288
720,2021-12-23,1.907,1.494,1.243,1.933,0.167,0.276
721,2021-12-22,1.851,1.453,1.217,1.88,0.16,0.259
722,2021-12-21,1.864,1.463,1.218,1.893,0.159,0.259
723,2021-12-20,1.852,1.425,1.168,1.892,0.136,0.249
724,2021-12-17,1.808,1.404,1.176,1.849,0.127,0.251
725,2021-12-16,1.854,1.412,1.165,1.887,0.12,0.242
726,2021-12-15,1.861,1.459,1.246,1.895,0.127,0.258
727,2021-12-14,1.829,1.443,1.237,1.869,0.124,0.246
728,2021-12-13,1.801,1.417,1.205,1.838,0.12,0.244
729,2021-12-10,1.88,1.485,1.252,1.914,0.119,0.255
730,2021-12-09,1.877,1.501,1.269,1.919,0.122,0.268
731,2021-12-08,1.894,1.523,1.275,1.95,0.126,0.288
732,2021-12-07,1.803,1.476,1.256,1.876,0.147,0.301
733,2021-12-06,1.771,1.436,1.207,1.857,0.104,0.27
734,2021-12-03,1.675,1.345,1.134,1.759,0.09,0.253
735,2021-12-02,1.764,1.446,1.208,1.847,0.09,0.255
736,2021-12-01,1.741,1.405,1.137,1.82,0.094,0.241
737,2021-11-30,1.793,1.447,1.161,1.862,0.098,0.225
738,2021-11-29,1.856,1.501,1.152,1.916,0.087,0.188
739,2021-11-26,1.825,1.476,1.161,1.88,0.089,0.169
740,2021-11-24,1.961,1.637,1.344,2.024,0.095,0.213
741,2021-11-23,2.025,1.668,1.34,2.078,0.071,0.185
742,2021-11-22,1.963,1.625,1.318,2.012,0.066,0.183
743,2021-11-19,1.912,1.549,1.223,1.943,0.063,0.155
744,2021-11-18,1.97,1.586,1.221,1.999,0.074,0.15
745,2021-11-17,1.977,1.59,1.232,2.024,0.062,0.157
746,2021-11-16,2.03,1.635,1.267,2.068,0.061,0.159
747,2021-11-15,1.997,1.616,1.254,2.033,0.06,0.157
748,2021-11-12,1.933,1.564,1.223,1.962,0.063,0.16
749,2021-11-10,1.905,1.552,1.218,1.954,0.061,0.159
750,2021-11-09,1.819,1.438,1.082,1.856,0.058,0.137
751,2021-11-08,1.883,1.491,1.118,1.9,0.06,0.142
752,2021-11-05,1.888,1.454,1.057,1.896,0.063,0.137
753,2021-11-04,1.964,1.529,1.112,1.97,0.065,0.146
754,2021-11-03,2.022,1.605,1.19,2.03,0.068,0.16
755,2021-11-02,1.96,1.551,1.149,1.969,0.068,0.124
756,2021-11-01,1.959,1.557,1.178,1.989,0.062,0.121
757,2021-10-29,1.934,1.555,1.185,1.974,0.06,0.124
758,2021-10-28,1.983,1.581,1.186,2.009,0.058,0.113
759,2021-10-27,1.952,1.543,1.151,1.939,0.058,0.115
760,2021-10-26,2.042,1.609,1.176,2.02,0.057,0.117
761,2021-10-25,2.083,1.633,1.173,2.06,0.058,0.114
762,2021-10-22,2.07,1.634,1.196,2.05,0.062,0.117
763,2021-10-21,2.149,1.703,1.241,2.123,0.061,0.108
764,2021-10-20,2.135,1.658,1.166,2.108,0.056,0.093
765,2021-10-19,2.086,1.639,1.163,2.066,0.053,0.096
766,2021-10-18,2.035,1.602,1.171,2.016,0.053,0.101
767,2021-10-15,2.043,1.572,1.126,2.008,0.053,0.103
768,2021-10-14,2.016,1.512,1.051,1.969,0.056,0.095
769,2021-10-13,2.03,1.538,1.071,1.987,0.053,0.096
770,2021-10-12,2.097,1.579,1.073,2.047,0.055,0.096
771,2021-10-08,2.166,1.614,1.061,2.113,0.068,0.091
772,2021-10-07,2.127,1.574,1.023,2.075,0.056,0.093
773,2021-10-06,2.08,1.521,0.983,2.024,0.056,0.089
774,2021-10-05,2.097,1.527,0.974,2.038,0.053,0.077
775,2021-10-04,2.046,1.48,0.945,1.988,0.048,0.075
776,2021-10-01,2.03,1.462,0.93,1.97,0.047,0.075
777,2021-09-30,2.046,1.488,0.966,1.99,0.048,0.074
778,2021-09-29,2.062,1.518,0.991,2.013,0.048,0.076
779,2021-09-28,2.088,1.539,1.02,2.037,0.052,0.076
780,2021-09-27,1.996,1.488,0.987,1.95,0.048,0.074
781,2021-09-24,1.985,1.453,0.949,1.928,0.046,0.072
782,2021-09-23,1.941,1.432,0.949,1.889,0.044,0.072
783,2021-09-22,1.809,1.303,0.852,1.756,0.041,0.072
784,2021-09-21,1.857,1.324,0.831,1.8,0.037,0.067
785,2021-09-20,1.849,1.312,0.825,1.796,0.043,0.066
786,2021-09-17,1.901,1.364,0.862,1.848,0.046,0.068
787,2021-09-16,1.885,1.339,0.841,1.827,0.046,0.068
788,2021-09-15,1.86,1.301,0.798,1.798,0.044,0.068
789,2021-09-14,1.86,1.285,0.787,1.789,0.048,0.068
790,2021-09-13,1.905,1.328,0.806,1.836,0.048,0.07
791,2021-09-10,1.935,1.344,0.817,1.861,0.048,0.068
792,2021-09-09,1.899,1.299,0.789,1.823,0.048,0.068
793,2021-09-08,1.957,1.339,0.81,1.88,0.048,0.07
794,2021-09-07,1.988,1.374,0.823,1.91,0.047,0.063
795,2021-09-03,1.944,1.324,0.784,1.864,0.048,0.063
796,2021-09-02,1.898,1.284,0.766,1.821,0.048,0.063
797,2021-09-01,1.914,1.295,0.774,1.834,0.049,0.065
798,2021-08-31,1.934,1.31,0.778,1.854,0.053,0.066
799,2021-08-30,1.898,1.281,0.768,1.822,0.048,0.062
800,2021-08-27,1.919,1.309,0.801,1.846,0.048,0.063
801,2021-08-26,1.948,1.351,0.85,1.877,0.048,0.063
802,2021-08-25,1.95,1.342,0.819,1.876,0.048,0.063
803,2021-08-24,1.918,1.296,0.797,1.836,0.048,0.061
804,2021-08-23,1.872,1.253,0.77,1.793,0.046,0.061
805,2021-08-20,1.871,1.256,0.783,1.79,0.046,0.062
806,2021-08-19,1.873,1.244,0.769,1.791,0.044,0.063
807,2021-08-18,1.898,1.26,0.77,1.795,0.048,0.066
808,2021-08-17,1.921,1.263,0.768,1.815,0.051,0.068
809,2021-08-16,1.929,1.267,0.763,1.825,0.047,0.07
810,2021-08-13,1.93,1.278,0.774,1.827,0.049,0.072
811,2021-08-12,2.0,1.361,0.825,1.905,0.048,0.076
812,2021-08-11,2.0,1.332,0.809,1.903,0.048,0.076
813,2021-08-10,2.0,1.351,0.827,1.906,0.051,0.075
814,2021-08-09,1.972,1.325,0.796,1.878,0.048,0.074
815,2021-08-06,1.947,1.299,0.768,1.852,0.048,0.071
816,2021-08-05,1.862,1.224,0.725,1.767,0.048,0.07
817,2021-08-04,1.84,1.184,0.678,1.741,0.048,0.066
818,2021-08-03,1.842,1.173,0.649,1.749,0.048,0.063
819,2021-08-02,1.851,1.178,0.654,1.754,0.048,0.063
820,2021-07-30,1.894,1.224,0.691,1.806,0.048,0.065
821,2021-07-29,1.921,1.27,0.736,1.839,0.048,0.063
822,2021-07-28,1.882,1.234,0.713,1.799,0.048,0.063
823,2021-07-27,1.895,1.243,0.7,1.812,0.048,0.067
824,2021-07-26,1.943,1.291,0.723,1.861,0.048,0.068
825,2021-07-23,1.917,1.278,0.713,1.836,0.048,0.067
826,2021-07-22,1.918,1.28,0.72,1.84,0.048,0.066
827,2021-07-21,1.94,1.29,0.737,1.86,0.048,0.07
828,2021-07-20,1.879,1.224,0.686,1.797,0.049,0.071
829,2021-07-19,1.821,1.19,0.705,1.744,0.044,0.072
830,2021-07-16,1.92,1.292,0.775,1.846,0.048,0.074
831,2021-07-15,1.922,1.3,0.776,1.844,0.048,0.072
832,2021-07-14,1.972,1.348,0.795,1.894,0.048,0.072
833,2021-07-13,2.048,1.417,0.847,1.969,0.052,0.071
834,2021-07-12,1.999,1.366,0.795,1.924,0.048,0.067
835,2021-07-09,1.99,1.361,0.786,1.911,0.053,0.065
836,2021-07-08,1.928,1.294,0.743,1.846,0.049,0.062
837,2021-07-07,1.939,1.317,0.78,1.862,0.052,0.065
838,2021-07-06,1.975,1.35,0.797,1.901,0.048,0.065
839,2021-07-02,2.042,1.426,0.858,1.977,0.048,0.065
840,2021-07-01,2.062,1.459,0.894,1.997,0.049,0.068
841,2021-06-30,2.087,1.469,0.891,2.02,0.049,0.068
842,2021-06-29,2.085,1.471,0.89,2.019,0.051,0.07
843,2021-06-28,2.097,1.478,0.897,2.029,0.051,0.072
844,2021-06-25,2.15,1.525,0.923,2.078,0.055,0.079
845,2021-06-24,2.1,1.493,0.914,2.032,0.053,0.079
846,2021-06-23,2.11,1.487,0.883,2.038,0.048,0.08
847,2021-06-22,2.088,1.465,0.856,2.019,0.048,0.079
848,2021-06-21,2.111,1.49,0.888,2.043,0.046,0.084
849,2021-06-18,2.015,1.44,0.876,1.963,0.052,0.082
850,2021-06-17,2.095,1.507,0.882,2.041,0.047,0.074
851,2021-06-16,2.209,1.578,0.896,2.141,0.047,0.074
852,2021-06-15,2.188,1.493,0.781,2.107,0.038,0.058
853,2021-06-14,2.184,1.496,0.784,2.108,0.033,0.048
854,2021-06-11,2.14,1.453,0.74,2.063,0.038,0.048
855,2021-06-10,2.129,1.434,0.712,2.046,0.035,0.047
856,2021-06-09,2.17,1.492,0.751,2.094,0.035,0.046
857,2021-06-08,2.218,1.536,0.773,2.138,0.038,0.044
858,2021-06-07,2.249,1.57,0.794,2.168,0.037,0.048
859,2021-06-04,2.233,1.555,0.78,2.149,0.033,0.043
860,2021-06-03,2.298,1.627,0.841,2.222,0.033,0.042
861,2021-06-02,2.274,1.588,0.794,2.196,0.033,0.041
862,2021-06-01,2.288,1.607,0.805,2.21,0.033,0.043
863,2021-05-28,2.284,1.596,0.8,2.198,0.028,0.039
864,2021-05-27,2.284,1.609,0.816,2.196,0.028,0.038
865,2021-05-26,2.258,1.577,0.783,2.169,0.028,0.039
866,2021-05-25,2.249,1.56,0.773,2.155,0.03,0.039
867,2021-05-24,2.301,1.603,0.804,2.207,0.023,0.039
868,2021-05-21,2.319,1.622,0.822,2.23,0.015,0.038
869,2021-05-20,2.332,1.627,0.813,2.246,0.02,0.038
870,2021-05-19,2.371,1.674,0.858,2.282,0.024,0.046
871,2021-05-18,2.361,1.639,0.819,2.264,0.028,0.043
872,2021-05-17,2.364,1.651,0.836,2.276,0.028,0.046
873,2021-05-14,2.342,1.63,0.814,2.236,0.028,0.044
874,2021-05-13,2.398,1.658,0.828,2.278,0.028,0.042
875,2021-05-12,2.413,1.694,0.864,2.292,0.029,0.044
876,2021-05-11,2.347,1.623,0.801,2.22,0.033,0.039
877,2021-05-10,2.328,1.603,0.785,2.196,0.034,0.047
878,2021-05-07,2.28,1.579,0.775,2.161,0.032,0.047
879,2021-05-06,2.244,1.571,0.805,2.134,0.035,0.048
880,2021-05-05,2.244,1.568,0.794,2.13,0.035,0.049
881,2021-05-04,2.264,1.593,0.818,2.149,0.035,0.053
882,2021-05-03,2.286,1.6,0.824,2.164,0.033,0.053
883,2021-04-30,2.3,1.628,0.848,2.18,0.024,0.049
884,2021-04-29,2.3,1.636,0.864,2.185,0.028,0.048
885,2021-04-28,2.291,1.61,0.852,2.175,0.028,0.048
886,2021-04-27,2.296,1.623,0.882,2.177,0.033,0.053
887,2021-04-26,2.242,1.568,0.83,2.125,0.028,0.058
888,2021-04-23,2.236,1.56,0.817,2.124,0.032,0.057
889,2021-04-22,2.219,1.54,0.792,2.11,0.03,0.056
890,2021-04-21,2.252,1.556,0.798,2.136,0.034,0.057
891,2021-04-20,2.253,1.561,0.793,2.142,0.037,0.052
892,2021-04-19,2.298,1.606,0.83,2.185,0.038,0.06
893,2021-04-16,2.268,1.582,0.832,2.155,0.038,0.065
894,2021-04-15,2.271,1.578,0.818,2.17,0.038,0.057
895,2021-04-14,2.313,1.633,0.856,2.214,0.038,0.058
896,2021-04-13,2.295,1.616,0.837,2.192,0.038,0.058
897,2021-04-12,2.335,1.668,0.882,2.227,0.039,0.066
898,2021-04-09,2.331,1.66,0.864,2.216,0.033,0.058
899,2021-04-08,2.308,1.621,0.836,2.191,0.032,0.056
900,2021-04-07,2.363,1.675,0.87,2.263,0.03,0.053
901,2021-04-06,2.325,1.658,0.873,2.233,0.03,0.055
902,2021-04-05,2.348,1.702,0.923,2.26,0.029,0.06
903,2021-04-01,2.334,1.672,0.902,2.233,0.034,0.062
904,2021-03-31,2.413,1.742,0.94,2.314,0.033,0.058
905,2021-03-30,2.37,1.706,0.897,2.279,0.033,0.056
906,2021-03-29,2.407,1.71,0.888,2.304,0.033,0.058
907,2021-03-26,2.381,1.678,0.866,2.283,0.034,0.062
908,2021-03-25,2.359,1.636,0.836,2.247,0.034,0.065
909,2021-03-24,2.311,1.61,0.808,2.202,0.037,0.067
910,2021-03-23,2.328,1.622,0.816,2.227,0.038,0.061
911,2021-03-22,2.4,1.696,0.864,2.303,0.03,0.062
912,2021-03-19,2.436,1.723,0.881,2.343,0.025,0.062
913,2021-03-18,2.451,1.71,0.864,2.356,0.028,0.067
914,2021-03-17,2.421,1.645,0.799,2.32,0.044,0.065
915,2021-03-16,2.38,1.62,0.83,2.29,0.048,0.071
916,2021-03-15,2.36,1.606,0.828,2.265,0.043,0.07
917,2021-03-12,2.38,1.626,0.841,2.292,0.043,0.07
918,2021-03-11,2.296,1.539,0.787,2.199,0.048,0.079
919,2021-03-10,2.24,1.52,0.791,2.143,0.052,0.08
920,2021-03-09,2.235,1.528,0.806,2.136,0.047,0.085
921,2021-03-08,2.318,1.592,0.854,2.205,0.055,0.08
922,2021-03-05,2.301,1.568,0.799,2.188,0.056,0.075
923,2021-03-04,2.322,1.566,0.791,2.197,0.057,0.076
924,2021-03-03,2.279,1.483,0.732,2.152,0.058,0.076
925,2021-03-02,2.194,1.393,0.661,2.064,0.058,0.074
926,2021-03-01,2.193,1.419,0.697,2.079,0.053,0.068
927,2021-02-26,2.154,1.407,0.732,2.046,0.048,0.07
928,2021-02-25,2.277,1.523,0.821,2.191,0.06,0.084
929,2021-02-24,2.234,1.377,0.601,2.065,0.048,0.072
930,2021-02-23,2.182,1.343,0.567,2.011,0.051,0.065
931,2021-02-22,2.175,1.366,0.599,2.014,0.043,0.056
932,2021-02-19,2.135,1.339,0.577,1.974,0.039,0.051
933,2021-02-18,2.083,1.296,0.555,1.922,0.038,0.052
934,2021-02-17,2.039,1.272,0.547,1.886,0.053,0.063
935,2021-02-16,2.093,1.316,0.574,1.924,0.051,0.068
936,2021-02-12,2.011,1.211,0.492,1.832,0.053,0.065
937,2021-02-11,1.952,1.166,0.464,1.772,0.053,0.067
938,2021-02-10,1.909,1.123,0.451,1.733,0.053,0.068
939,2021-02-09,1.949,1.159,0.474,1.771,0.048,0.068
940,2021-02-08,1.954,1.171,0.479,1.775,0.046,0.068
941,2021-02-05,1.972,1.165,0.463,1.781,0.044,0.06
942,2021-02-04,1.94,1.141,0.458,1.745,0.046,0.067
943,2021-02-03,1.927,1.139,0.463,1.734,0.055,0.075
944,2021-02-02,1.871,1.098,0.441,1.682,0.068,0.077
945,2021-02-01,1.856,1.081,0.425,1.665,0.068,0.077
946,2021-01-29,1.831,1.067,0.421,1.644,0.068,0.079
947,2021-01-28,1.806,1.047,0.428,1.617,0.076,0.085
948,2021-01-27,1.775,1.018,0.412,1.582,0.076,0.086
949,2021-01-26,1.792,1.036,0.409,1.6,0.08,0.088
950,2021-01-25,1.793,1.031,0.403,1.597,0.085,0.091
951,2021-01-22,1.848,1.087,0.432,1.653,0.085,0.093
952,2021-01-21,1.871,1.107,0.446,1.676,0.089,0.095
953,2021-01-20,1.831,1.081,0.441,1.633,0.089,0.094
954,2021-01-19,1.835,1.089,0.446,1.639,0.089,0.096
955,2021-01-15,1.834,1.084,0.451,1.634,0.086,0.098
956,2021-01-14,1.873,1.13,0.484,1.674,0.089,0.098
957,2021-01-13,1.817,1.084,0.47,1.619,0.089,0.1
958,2021-01-12,1.873,1.13,0.5,1.671,0.086,0.099
959,2021-01-11,1.885,1.147,0.507,1.685,0.087,0.101
960,2021-01-08,1.875,1.117,0.484,1.67,0.087,0.099
961,2021-01-07,1.855,1.081,0.46,1.642,0.085,0.107
962,2021-01-06,1.816,1.038,0.427,1.604,0.086,0.104
963,2021-01-05,1.709,0.957,0.377,1.498,0.084,0.098
964,2021-01-04,1.657,0.914,0.35,1.448,0.079,0.099
965,2020-12-31,1.646,0.916,0.362,1.442,0.085,0.107
966,2020-12-30,1.657,0.925,0.369,1.454,0.085,0.105
967,2020-12-29,1.676,0.939,0.379,1.47,0.095,0.1
968,2020-12-28,1.661,0.925,0.356,1.454,0.101,0.103
969,2020-12-24,1.663,0.926,0.363,1.458,0.094,0.091
970,2020-12-23,1.683,0.945,0.371,1.477,0.089,0.086
971,2020-12-22,1.65,0.918,0.363,1.445,0.089,0.088
972,2020-12-21,1.674,0.935,0.381,1.469,0.093,0.089
973,2020-12-18,1.693,0.949,0.383,1.489,0.089,0.089
974,2020-12-17,1.681,0.934,0.379,1.474,0.087,0.089
975,2020-12-16,1.657,0.918,0.368,1.451,0.086,0.085
976,2020-12-15,1.652,0.91,0.365,1.442,0.076,0.086
977,2020-12-14,1.63,0.894,0.358,1.422,0.079,0.084
978,2020-12-11,1.629,0.898,0.366,1.421,0.079,0.085
979,2020-12-10,1.628,0.908,0.387,1.425,0.079,0.094
980,2020-12-09,1.685,0.937,0.404,1.475,0.085,0.099
981,2020-12-08,1.664,0.92,0.393,1.458,0.089,0.101
982,2020-12-07,1.681,0.924,0.387,1.474,0.09,0.101
983,2020-12-04,1.735,0.968,0.418,1.526,0.094,0.101
984,2020-12-03,1.655,0.907,0.395,1.448,0.089,0.101
985,2020-12-02,1.687,0.937,0.415,1.481,0.09,0.109
986,2020-12-01,1.67,0.928,0.417,1.46,0.093,0.103
987,2020-11-30,1.569,0.841,0.362,1.36,0.093,0.109
988,2020-11-27,1.572,0.839,0.366,1.361,0.09,0.1
989,2020-11-25,1.625,0.882,0.395,1.412,0.09,0.103
990,2020-11-24,1.607,0.881,0.396,1.402,0.089,0.1
991,2020-11-23,1.554,0.855,0.385,1.353,0.086,0.099
992,2020-11-20,1.521,0.825,0.372,1.327,0.087,0.101
993,2020-11-19,1.546,0.83,0.374,1.344,0.089,0.101
994,2020-11-18,1.601,0.871,0.396,1.384,0.089,0.105
995,2020-11-17,1.607,0.859,0.38,1.383,0.091,0.109
996,2020-11-16,1.664,0.908,0.407,1.433,0.094,0.112
997,2020-11-13,1.648,0.898,0.407,1.421,0.096,0.119
998,2020-11-12,1.64,0.882,0.392,1.41,0.099,0.117
999,2020-11-10,1.743,0.961,0.455,1.516,0.1,0.119
1000,2020-11-09,1.711,0.924,0.429,1.482,0.093,0.124
1001,2020-11-06,1.602,0.82,0.362,1.371,0.095,0.119
1002,2020-11-05,1.525,0.764,0.327,1.297,0.095,0.119
1003,2020-11-04,1.543,0.765,0.329,1.31,0.098,0.122
1004,2020-11-03,1.682,0.9,0.396,1.456,0.109,0.119
1005,2020-11-02,1.618,0.845,0.376,1.388,0.098,0.119
1006,2020-10-30,1.662,0.875,0.385,1.428,0.099,0.119
1007,2020-10-29,1.604,0.824,0.371,1.369,0.103,0.121
1008,2020-10-28,1.555,0.773,0.331,1.322,0.104,0.118
1009,2020-10-27,1.554,0.769,0.331,1.319,0.104,0.121
1010,2020-10-26,1.593,0.803,0.352,1.359,0.11,0.122
1011,2020-10-23,1.642,0.844,0.377,1.406,0.109,0.121
1012,2020-10-22,1.677,0.857,0.375,1.437,0.11,0.123
1013,2020-10-21,1.637,0.824,0.356,1.395,0.115,0.126
1014,2020-10-20,1.593,0.787,0.335,1.353,0.114,0.123
1015,2020-10-19,1.562,0.771,0.335,1.326,0.11,0.123
1016,2020-10-16,1.53,0.746,0.322,1.298,0.114,0.123
1017,2020-10-15,1.514,0.733,0.314,1.286,0.115,0.123
1018,2020-10-14,1.506,0.726,0.305,1.277,0.114,0.124
1019,2020-10-13,1.512,0.728,0.305,1.28,0.114,0.128
1020,2020-10-09,1.574,0.776,0.338,1.336,0.117,0.129
1021,2020-10-08,1.588,0.786,0.338,1.352,0.109,0.129
1022,2020-10-07,1.588,0.788,0.343,1.355,0.108,0.129
1023,2020-10-06,1.538,0.736,0.312,1.302,0.11,0.122
1024,2020-10-05,1.591,0.783,0.336,1.353,0.107,0.124
1025,2020-10-02,1.488,0.702,0.287,1.255,0.101,0.115
1026,2020-10-01,1.456,0.679,0.273,1.224,0.104,0.114
1027,2020-09-30,1.456,0.685,0.278,1.226,0.104,0.118
1028,2020-09-29,1.416,0.65,0.256,1.186,0.103,0.112
1029,2020-09-28,1.416,0.654,0.259,1.187,0.105,0.115
1030,2020-09-25,1.402,0.656,0.268,1.177,0.107,0.117
1031,2020-09-24,1.409,0.668,0.276,1.188,0.103,0.117
1032,2020-09-23,1.418,0.673,0.272,1.2,0.103,0.117
1033,2020-09-22,1.424,0.672,0.267,1.205,0.096,0.119
1034,2020-09-21,1.416,0.667,0.267,1.2,0.104,0.118
1035,2020-09-18,1.454,0.695,0.283,1.233,0.109,0.121
1036,2020-09-17,1.44,0.69,0.278,1.221,0.112,0.121
1037,2020-09-16,1.46,0.699,0.283,1.237,0.114,0.123
1038,2020-09-15,1.433,0.681,0.273,1.211,0.115,0.128
1039,2020-09-14,1.413,0.674,0.265,1.201,0.117,0.131
1040,2020-09-11,1.413,0.667,0.252,1.2,0.118,0.132
1041,2020-09-10,1.42,0.678,0.268,1.215,0.12,0.134
1042,2020-09-09,1.458,0.702,0.282,1.247,0.124,0.137
1043,2020-09-08,1.423,0.68,0.268,1.213,0.12,0.133
1044,2020-09-04,1.473,0.719,0.3,1.258,0.118,0.124
1045,2020-09-03,1.363,0.636,0.249,1.15,0.114,0.118
1046,2020-09-02,1.38,0.649,0.252,1.157,0.114,0.118
1047,2020-09-01,1.421,0.67,0.254,1.196,0.115,0.118
1048,2020-08-31,1.476,0.706,0.268,1.242,0.112,0.119
1049,2020-08-28,1.503,0.724,0.27,1.273,0.108,0.114
1050,2020-08-27,1.511,0.753,0.314,1.29,0.109,0.123
1051,2020-08-26,1.414,0.689,0.286,1.2,0.111,0.123
1052,2020-08-25,1.395,0.684,0.294,1.181,0.113,0.124
1053,2020-08-24,1.357,0.655,0.283,1.142,0.113,0.124
1054,2020-08-21,1.342,0.63,0.265,1.122,0.113,0.123
1055,2020-08-20,1.384,0.652,0.273,1.161,0.114,0.117
1056,2020-08-19,1.425,0.682,0.284,1.173,0.117,0.124
1057,2020-08-18,1.397,0.67,0.278,1.15,0.117,0.126
1058,2020-08-17,1.435,0.689,0.289,1.185,0.113,0.126
1059,2020-08-14,1.448,0.71,0.295,1.203,0.117,0.132
1060,2020-08-13,1.429,0.722,0.322,1.194,0.118,0.138
1061,2020-08-12,1.375,0.676,0.305,1.144,0.114,0.137
1062,2020-08-11,1.33,0.642,0.276,1.099,0.12,0.138
1063,2020-08-10,1.254,0.577,0.237,1.027,0.119,0.134
1064,2020-08-07,1.235,0.565,0.232,1.006,0.113,0.128
1065,2020-08-06,1.199,0.537,0.215,0.97,0.11,0.123
1066,2020-08-05,1.223,0.549,0.224,0.994,0.117,0.122
1067,2020-08-04,1.187,0.508,0.191,0.956,0.104,0.115
1068,2020-08-03,1.233,0.556,0.219,1.005,0.099,0.114
1069,2020-07-31,1.194,0.529,0.205,0.97,0.095,0.112
1070,2020-07-30,1.208,0.548,0.232,0.983,0.095,0.112
1071,2020-07-29,1.238,0.576,0.252,1.016,0.109,0.124
1072,2020-07-28,1.218,0.58,0.265,1.002,0.118,0.127
1073,2020-07-27,1.261,0.616,0.286,1.049,0.131,0.141
1074,2020-07-24,1.231,0.59,0.276,1.02,0.129,0.137
1075,2020-07-23,1.232,0.579,0.272,1.014,0.131,0.138
1076,2020-07-22,1.294,0.599,0.275,1.068,0.129,0.14
1077,2020-07-21,1.31,0.602,0.265,1.079,0.131,0.142
1078,2020-07-20,1.313,0.612,0.279,1.086,0.126,0.141
1079,2020-07-17,1.329,0.627,0.284,1.104,0.128,0.14
1080,2020-07-16,1.309,0.618,0.276,1.087,0.134,0.14
1081,2020-07-15,1.333,0.631,0.289,1.107,0.137,0.147
1082,2020-07-14,1.312,0.624,0.29,1.091,0.146,0.152
1083,2020-07-13,1.309,0.619,0.286,1.086,0.143,0.152
1084,2020-07-10,1.338,0.646,0.306,1.115,0.148,0.145
1085,2020-07-09,1.314,0.614,0.284,1.09,0.151,0.146
1086,2020-07-08,1.401,0.665,0.301,1.168,0.153,0.152
1087,2020-07-07,1.376,0.641,0.287,1.144,0.16,0.152
1088,2020-07-06,1.44,0.678,0.303,1.203,0.16,0.155
1089,2020-07-02,1.429,0.67,0.297,1.19,0.155,0.152
1090,2020-07-01,1.425,0.677,0.312,1.188,0.16,0.154
1091,2020-06-30,1.412,0.657,0.289,1.176,0.16,0.154
1092,2020-06-29,1.374,0.624,0.274,1.141,0.16,0.151
1093,2020-06-26,1.371,0.642,0.303,1.143,0.164,0.159
1094,2020-06-25,1.436,0.686,0.333,1.202,0.167,0.169
1095,2020-06-24,1.43,0.68,0.316,1.195,0.165,0.171
1096,2020-06-23,1.493,0.713,0.331,1.252,0.17,0.174
1097,2020-06-22,1.466,0.709,0.34,1.231,0.167,0.173
1098,2020-06-19,1.46,0.695,0.327,1.224,0.169,0.171
1099,2020-06-18,1.483,0.709,0.334,1.246,0.17,0.18
1100,2020-06-17,1.531,0.739,0.345,1.292,0.173,0.184
1101,2020-06-16,1.544,0.754,0.345,1.317,0.189,0.185
1102,2020-06-15,1.462,0.722,0.343,1.248,0.184,0.174
1103,2020-06-12,1.458,0.705,0.329,1.238,0.183,0.179
1104,2020-06-11,1.403,0.671,0.324,1.188,0.186,0.185
1105,2020-06-10,1.508,0.728,0.316,1.286,0.181,0.18
1106,2020-06-09,1.577,0.826,0.402,1.358,0.186,0.183
1107,2020-06-08,1.643,0.876,0.448,1.424,0.188,0.185
1108,2020-06-05,1.667,0.896,0.465,1.451,0.181,0.175
1109,2020-06-04,1.633,0.825,0.409,1.4,0.176,0.167
1110,2020-06-03,1.532,0.747,0.366,1.296,0.17,0.17
1111,2020-06-02,1.488,0.686,0.319,1.242,0.169,0.169
1112,2020-06-01,1.452,0.66,0.306,1.213,0.159,0.165
1113,2020-05-29,1.407,0.653,0.304,1.178,0.162,0.166
1114,2020-05-28,1.453,0.692,0.339,1.209,0.166,0.173
1115,2020-05-27,1.441,0.683,0.349,1.197,0.169,0.18
1116,2020-05-26,1.446,0.698,0.349,1.2,0.148,0.166
1117,2020-05-22,1.372,0.66,0.335,1.123,0.147,0.162
1118,2020-05-21,1.387,0.673,0.339,1.154,0.145,0.157
