Date,Open,High,Low,Close,SMAVG (50)  on Close,SMAVG (100)  on Close,SMAVG (200)  on Close
2024-11-12,4.581,4.666,4.57,4.667,4.334,4.379,4.49
2024-11-08,4.605,4.624,4.556,4.581,4.326,4.377,4.489
2024-11-07,4.711,4.726,4.614,4.632,4.318,4.376,4.488
2024-11-06,4.738,4.766,4.685,4.714,4.31,4.374,4.488
2024-11-05,4.619,4.641,4.553,4.559,4.299,4.372,4.486
2024-11-04,4.597,4.63,4.567,4.584,4.292,4.372,4.486
2024-11-01,4.607,4.699,4.535,4.697,4.284,4.373,4.485
2024-10-31,4.596,4.645,4.57,4.591,4.274,4.373,4.484
2024-10-30,4.568,4.627,4.533,4.621,4.266,4.373,4.483
2024-10-29,4.655,4.683,4.594,4.597,4.258,4.372,4.481
2024-10-28,4.598,4.644,4.575,4.627,4.251,4.371,4.48
2024-10-25,4.546,4.595,4.526,4.588,4.244,4.37,4.478
2024-10-24,4.551,4.594,4.525,4.557,4.237,4.371,4.477
2024-10-23,4.595,4.604,4.561,4.597,4.23,4.372,4.476
2024-10-22,4.545,4.57,4.524,4.563,4.224,4.374,4.475
2024-10-21,4.496,4.562,4.49,4.562,4.219,4.377,4.474
2024-10-18,4.461,4.461,4.426,4.453,4.215,4.379,4.472
2024-10-17,4.374,4.463,4.374,4.453,4.213,4.381,4.471
2024-10-16,4.357,4.368,4.334,4.359,4.209,4.383,4.469
2024-10-15,4.429,4.429,4.373,4.38,4.206,4.386,4.468
2024-10-11,4.44,4.474,4.426,4.463,4.202,4.389,4.467
2024-10-10,4.405,4.467,4.393,4.418,4.199,4.391,4.466
2024-10-09,4.393,4.425,4.379,4.417,4.199,4.393,4.465
2024-10-08,4.398,4.408,4.359,4.362,4.2,4.395,4.464
2024-10-07,4.357,4.381,4.349,4.378,4.203,4.398,4.463
2024-10-04,4.248,4.339,4.248,4.32,4.207,4.401,4.462
2024-10-03,4.206,4.251,4.196,4.24,4.212,4.405,4.461
2024-10-02,4.201,4.229,4.183,4.189,4.22,4.41,4.461
2024-10-01,4.124,4.147,4.089,4.133,4.227,4.415,4.461
2024-09-30,4.185,4.196,4.144,4.176,4.236,4.421,4.462
2024-09-27,4.167,4.172,4.135,4.152,4.244,4.426,4.464
2024-09-26,4.156,4.212,4.155,4.184,4.251,4.432,4.465
2024-09-25,4.167,4.192,4.153,4.186,4.257,4.438,4.467
2024-09-24,4.188,4.196,4.119,4.128,4.263,4.444,4.468
2024-09-23,4.143,4.176,4.109,4.135,4.271,4.452,4.469
2024-09-20,4.096,4.139,4.096,4.127,4.279,4.459,4.471
2024-09-19,4.103,4.149,4.098,4.101,4.287,4.466,4.473
2024-09-18,4.067,4.102,4.028,4.088,4.296,4.474,4.476
2024-09-17,3.986,4.033,3.97,4.031,4.306,4.483,4.479
2024-09-16,4.023,4.05,3.994,3.998,4.317,4.491,4.482
2024-09-13,4.055,4.074,4.036,4.049,4.329,4.5,4.485
2024-09-12,4.008,4.096,4.008,4.067,4.341,4.508,4.488
2024-09-11,3.995,4.063,3.995,4.041,4.353,4.515,4.492
2024-09-10,4.091,4.091,4.019,4.034,4.367,4.524,4.495
2024-09-09,4.121,4.124,4.067,4.078,4.38,4.531,4.499
2024-09-06,4.099,4.131,4.03,4.093,4.389,4.54,4.502
2024-09-05,4.126,4.149,4.099,4.107,4.398,4.547,4.506
2024-09-04,4.204,4.216,4.132,4.138,4.406,4.553,4.51
2024-09-03,4.283,4.286,4.191,4.206,4.413,4.56,4.513
2024-08-30,4.228,4.317,4.201,4.286,4.419,4.565,4.516
2024-08-29,4.218,4.269,4.218,4.238,4.423,4.569,4.52
2024-08-28,4.206,4.228,4.198,4.218,4.428,4.573,4.523
2024-08-27,4.232,4.245,4.191,4.204,4.434,4.577,4.527
2024-08-26,4.19,4.202,4.156,4.192,4.439,4.581,4.53
2024-08-23,4.212,4.217,4.165,4.183,4.445,4.585,4.534
2024-08-22,4.204,4.242,4.186,4.22,4.453,4.589,4.538
2024-08-21,4.179,4.2,4.138,4.179,4.461,4.593,4.541
2024-08-20,4.224,4.224,4.17,4.176,4.471,4.595,4.546
2024-08-19,4.223,4.263,4.209,4.235,4.48,4.598,4.55
2024-08-16,4.239,4.28,4.233,4.249,4.486,4.601,4.555
2024-08-15,4.234,4.324,4.234,4.274,4.491,4.603,4.56
2024-08-14,4.232,4.254,4.191,4.217,4.497,4.605,4.565
2024-08-13,4.293,4.293,4.237,4.239,4.505,4.608,4.57
2024-08-12,4.306,4.338,4.277,4.293,4.514,4.611,4.575
2024-08-09,4.318,4.321,4.295,4.309,4.524,4.614,4.58
2024-08-08,4.328,4.4,4.328,4.37,4.534,4.616,4.584
2024-08-07,4.316,4.355,4.295,4.334,4.542,4.618,4.589
2024-08-06,4.204,4.286,4.179,4.273,4.548,4.62,4.594
2024-08-05,4.105,4.21,4.075,4.17,4.557,4.622,4.598
2024-08-02,4.281,4.281,4.171,4.181,4.566,4.624,4.603
2024-08-01,4.39,4.39,4.323,4.35,4.576,4.626,4.608
2024-07-31,4.476,4.478,4.384,4.387,4.582,4.626,4.611
2024-07-30,4.515,4.531,4.481,4.491,4.588,4.626,4.614
2024-07-29,4.501,4.533,4.489,4.518,4.59,4.625,4.616
2024-07-26,4.57,4.583,4.531,4.544,4.592,4.623,4.619
2024-07-25,4.562,4.608,4.545,4.579,4.595,4.623,4.622
2024-07-24,4.565,4.638,4.546,4.635,4.598,4.622,4.624
2024-07-23,4.559,4.579,4.54,4.578,4.6,4.62,4.627
2024-07-22,4.525,4.595,4.518,4.573,4.602,4.62,4.629
2024-07-19,4.546,4.562,4.538,4.553,4.606,4.62,4.631
2024-07-18,4.495,4.524,4.471,4.522,4.609,4.62,4.633
2024-07-17,4.48,4.506,4.457,4.476,4.613,4.619,4.635
2024-07-16,4.503,4.532,4.469,4.476,4.619,4.62,4.637
2024-07-15,4.564,4.573,4.526,4.556,4.626,4.622,4.639
2024-07-12,4.509,4.543,4.489,4.502,4.632,4.622,4.641
2024-07-11,4.548,4.548,4.474,4.518,4.64,4.622,4.642
2024-07-10,4.576,4.597,4.57,4.582,4.646,4.623,4.643
2024-07-09,4.588,4.623,4.569,4.591,4.652,4.622,4.643
2024-07-08,4.593,4.598,4.558,4.573,4.659,4.622,4.643
2024-07-05,4.598,4.663,4.563,4.581,4.665,4.621,4.643
2024-07-03,4.685,4.685,4.619,4.637,4.671,4.62,4.643
2024-07-02,4.715,4.74,4.69,4.714,4.675,4.619,4.643
2024-07-01,4.704,4.764,4.676,4.732,4.677,4.616,4.642
2024-06-28,4.543,4.667,4.513,4.661,4.68,4.612,4.641
2024-06-27,4.566,4.575,4.52,4.534,4.683,4.61,4.641
2024-06-26,4.521,4.57,4.517,4.57,4.69,4.608,4.641
2024-06-25,4.446,4.495,4.446,4.485,4.696,4.605,4.64
2024-06-24,4.513,4.516,4.462,4.471,4.701,4.603,4.641
2024-06-21,4.475,4.524,4.465,4.503,4.707,4.602,4.641
2024-06-20,4.474,4.543,4.472,4.504,4.712,4.601,4.641
2024-06-18,4.51,4.517,4.45,4.47,4.714,4.601,4.641
2024-06-17,4.507,4.544,4.507,4.523,4.718,4.601,4.64
2024-06-14,4.466,4.49,4.441,4.467,4.721,4.601,4.64
2024-06-13,4.548,4.548,4.474,4.497,4.723,4.601,4.64
2024-06-12,4.599,4.599,4.499,4.561,4.725,4.6,4.64
2024-06-11,4.659,4.682,4.62,4.629,4.726,4.599,4.64
2024-06-10,4.675,4.694,4.666,4.688,4.725,4.598,4.639
2024-06-07,4.51,4.648,4.51,4.645,4.72,4.595,4.638
2024-06-06,4.523,4.549,4.504,4.518,4.716,4.593,4.638
2024-06-05,4.546,4.573,4.508,4.509,4.715,4.591,4.639
2024-06-04,4.589,4.595,4.542,4.554,4.715,4.589,4.639
2024-06-03,4.692,4.693,4.613,4.615,4.714,4.586,4.639
2024-05-31,4.749,4.749,4.704,4.723,4.712,4.584,4.638
2024-05-30,4.786,4.801,4.755,4.762,4.708,4.58,4.637
2024-05-29,4.775,4.846,4.772,4.822,4.704,4.576,4.635
2024-05-28,4.662,4.755,4.658,4.757,4.699,4.571,4.634
2024-05-24,4.673,4.701,4.66,4.663,4.695,4.565,4.631
2024-05-23,4.621,4.703,4.616,4.678,4.692,4.561,4.63
2024-05-22,4.693,4.694,4.642,4.65,4.688,4.556,4.629
2024-05-21,4.669,4.673,4.637,4.653,4.683,4.551,4.627
2024-05-20,4.678,4.696,4.668,4.684,4.677,4.545,4.626
2024-05-17,4.641,4.665,4.636,4.663,4.67,4.541,4.625
2024-05-16,4.57,4.625,4.559,4.617,4.664,4.536,4.623
2024-05-15,4.653,4.653,4.595,4.596,4.659,4.532,4.621
2024-05-14,4.71,4.768,4.686,4.69,4.655,4.528,4.619
2024-05-13,4.73,4.73,4.703,4.73,4.651,4.523,4.617
2024-05-10,4.729,4.751,4.725,4.741,4.645,4.518,4.614
2024-05-09,4.744,4.76,4.697,4.706,4.641,4.512,4.611
2024-05-08,4.72,4.74,4.699,4.736,4.637,4.507,4.608
2024-05-07,4.711,4.712,4.665,4.699,4.634,4.503,4.605
2024-05-06,4.731,4.767,4.722,4.734,4.631,4.501,4.602
2024-05-03,4.794,4.795,4.714,4.759,4.626,4.499,4.598
2024-05-02,4.841,4.888,4.813,4.827,4.622,4.496,4.595
2024-05-01,4.88,4.887,4.808,4.861,4.618,4.492,4.591
2024-04-30,4.844,4.911,4.844,4.896,4.612,4.487,4.587
2024-04-29,4.856,4.881,4.835,4.844,4.605,4.483,4.583
2024-04-26,4.893,4.914,4.866,4.893,4.599,4.48,4.58
2024-04-25,4.901,4.969,4.875,4.934,4.592,4.477,4.576
2024-04-24,4.884,4.916,4.865,4.889,4.585,4.475,4.573
2024-04-23,4.876,4.885,4.807,4.845,4.577,4.472,4.57
2024-04-22,4.872,4.876,4.839,4.842,4.57,4.47,4.567
2024-04-19,4.801,4.854,4.799,4.841,4.562,4.469,4.563
2024-04-18,4.829,4.871,4.821,4.856,4.554,4.469,4.56
2024-04-17,4.885,4.885,4.809,4.824,4.545,4.467,4.556
2024-04-16,4.882,4.922,4.861,4.887,4.538,4.467,4.552
2024-04-15,4.798,4.876,4.798,4.839,4.526,4.465,4.548
2024-04-12,4.747,4.753,4.706,4.751,4.514,4.465,4.544
2024-04-11,4.759,4.802,4.728,4.802,4.504,4.466,4.54
2024-04-10,4.589,4.764,4.589,4.745,4.496,4.467,4.536
2024-04-09,4.623,4.629,4.587,4.596,4.489,4.467,4.533
2024-04-08,4.708,4.708,4.64,4.657,4.487,4.471,4.53
2024-04-05,4.559,4.661,4.559,4.661,4.483,4.474,4.526
2024-04-04,4.633,4.639,4.565,4.579,4.481,4.477,4.523
2024-04-03,4.649,4.683,4.607,4.612,4.479,4.48,4.52
2024-04-02,4.623,4.657,4.601,4.604,4.475,4.482,4.518
2024-04-01,4.502,4.578,4.495,4.554,4.472,4.486,4.515
2024-03-28,4.485,4.485,4.429,4.453,4.471,4.49,4.513
2024-03-27,4.484,4.491,4.441,4.447,4.471,4.496,4.511
2024-03-26,4.484,4.527,4.484,4.496,4.47,4.502,4.509
2024-03-25,4.494,4.52,4.482,4.505,4.466,4.51,4.507
2024-03-22,4.478,4.489,4.459,4.466,4.462,4.518,4.504
2024-03-21,4.501,4.559,4.496,4.528,4.459,4.525,4.502
2024-03-20,4.536,4.589,4.493,4.546,4.455,4.532,4.5
2024-03-19,4.572,4.573,4.526,4.548,4.451,4.539,4.497
2024-03-18,4.55,4.584,4.55,4.562,4.447,4.545,4.494
2024-03-15,4.519,4.562,4.518,4.55,4.442,4.552,4.492
2024-03-14,4.485,4.55,4.446,4.538,4.436,4.559,4.49
2024-03-13,4.45,4.456,4.423,4.444,4.429,4.567,4.488
2024-03-12,4.341,4.428,4.341,4.413,4.424,4.575,4.486
2024-03-11,4.346,4.381,4.339,4.36,4.419,4.582,4.485
2024-03-08,4.306,4.372,4.306,4.352,4.414,4.589,4.483
2024-03-07,4.316,4.379,4.297,4.345,4.411,4.596,4.482
2024-03-06,4.39,4.409,4.341,4.354,4.408,4.603,4.48
2024-03-05,4.417,4.425,4.371,4.415,4.405,4.608,4.478
2024-03-04,4.501,4.506,4.474,4.475,4.4,4.614,4.476
2024-03-01,4.532,4.551,4.447,4.454,4.395,4.621,4.473
2024-02-29,4.57,4.574,4.486,4.515,4.39,4.627,4.47
2024-02-28,4.564,4.573,4.526,4.538,4.384,4.633,4.467
2024-02-27,4.529,4.578,4.512,4.56,4.377,4.639,4.464
2024-02-26,4.506,4.562,4.494,4.53,4.373,4.643,4.46
2024-02-23,4.57,4.58,4.502,4.511,4.372,4.647,4.457
2024-02-22,4.613,4.616,4.562,4.577,4.371,4.651,4.454
2024-02-21,4.569,4.617,4.552,4.607,4.37,4.654,4.45
2024-02-20,4.568,4.579,4.536,4.567,4.366,4.657,4.446
2024-02-16,4.574,4.599,4.557,4.562,4.362,4.659,4.442
2024-02-15,4.508,4.548,4.484,4.527,4.361,4.661,4.439
2024-02-14,4.596,4.609,4.541,4.555,4.362,4.663,4.435
2024-02-13,4.455,4.6,4.455,4.59,4.362,4.664,4.432
2024-02-12,4.464,4.503,4.461,4.488,4.364,4.664,4.428
2024-02-09,4.464,4.492,4.43,4.479,4.366,4.665,4.424
2024-02-08,4.444,4.488,4.442,4.46,4.37,4.666,4.421
2024-02-07,4.415,4.425,4.372,4.426,4.376,4.667,4.419
2024-02-06,4.449,4.461,4.382,4.401,4.383,4.668,4.416
2024-02-05,4.414,4.466,4.409,4.45,4.39,4.67,4.413
2024-02-02,4.197,4.36,4.197,4.331,4.395,4.671,4.411
2024-02-01,4.262,4.263,4.16,4.217,4.404,4.673,4.408
2024-01-31,4.353,4.373,4.265,4.266,4.416,4.676,4.407
2024-01-30,4.408,4.434,4.363,4.367,4.427,4.679,4.404
2024-01-29,4.451,4.47,4.404,4.422,4.437,4.681,4.401
2024-01-26,4.47,4.513,4.459,4.483,4.445,4.681,4.398
2024-01-25,4.508,4.516,4.464,4.478,4.455,4.681,4.394
2024-01-24,4.44,4.53,4.433,4.524,4.465,4.68,4.39
2024-01-23,4.466,4.509,4.462,4.476,4.474,4.679,4.386
2024-01-22,4.421,4.452,4.408,4.444,4.481,4.679,4.382
2024-01-19,4.492,4.527,4.451,4.455,4.49,4.68,4.379
2024-01-18,4.445,4.507,4.443,4.491,4.5,4.68,4.375
2024-01-17,4.411,4.461,4.402,4.442,4.51,4.68,4.372
2024-01-16,4.36,4.432,4.339,4.41,4.521,4.682,4.37
2024-01-12,4.319,4.336,4.265,4.288,4.534,4.684,4.367
2024-01-11,4.296,4.384,4.296,4.302,4.554,4.687,4.365
2024-01-10,4.301,4.356,4.294,4.345,4.573,4.689,4.363
2024-01-09,4.353,4.353,4.298,4.326,4.591,4.691,4.36
2024-01-08,4.355,4.375,4.285,4.335,4.608,4.693,4.357
2024-01-05,4.359,4.39,4.272,4.356,4.627,4.694,4.355
2024-01-04,4.276,4.311,4.276,4.308,4.643,4.695,4.353
2024-01-03,4.268,4.305,4.202,4.224,4.661,4.697,4.35
2024-01-02,4.274,4.276,4.216,4.23,4.682,4.698,4.348
2023-12-29,4.181,4.212,4.148,4.193,4.704,4.699,4.346
2023-12-28,4.124,4.158,4.097,4.146,4.725,4.701,4.345
2023-12-27,4.155,4.156,4.092,4.106,4.745,4.704,4.343
2023-12-26,4.206,4.213,4.192,4.205,4.765,4.707,4.342
2023-12-22,4.164,4.233,4.164,4.212,4.78,4.709,4.342
2023-12-21,4.163,4.21,4.142,4.199,4.797,4.71,4.341
2023-12-20,4.179,4.219,4.151,4.157,4.811,4.71,4.341
2023-12-19,4.182,4.223,4.179,4.219,4.828,4.71,4.341
2023-12-18,4.198,4.255,4.193,4.22,4.847,4.711,4.34
2023-12-15,4.211,4.244,4.175,4.192,4.865,4.71,4.34
2023-12-14,4.272,4.293,4.186,4.205,4.882,4.709,4.34
2023-12-13,4.442,4.461,4.32,4.33,4.9,4.708,4.34
2023-12-12,4.466,4.522,4.42,4.481,4.913,4.706,4.338
2023-12-11,4.53,4.547,4.493,4.504,4.922,4.702,4.337
2023-12-08,4.481,4.527,4.468,4.486,4.93,4.698,4.334
2023-12-07,4.429,4.454,4.385,4.431,4.938,4.694,4.332
2023-12-06,4.468,4.472,4.382,4.384,4.947,4.69,4.331
2023-12-05,4.542,4.542,4.47,4.473,4.956,4.688,4.329
2023-12-04,4.596,4.634,4.583,4.585,4.961,4.684,4.327
2023-12-01,4.676,4.698,4.555,4.558,4.964,4.679,4.324
2023-11-30,4.636,4.718,4.624,4.678,4.966,4.676,4.321
2023-11-29,4.647,4.684,4.612,4.617,4.965,4.671,4.317
2023-11-28,4.717,4.756,4.682,4.684,4.964,4.668,4.313
2023-11-27,4.787,4.79,4.713,4.727,4.962,4.663,4.309
2023-11-24,4.809,4.814,4.783,4.798,4.959,4.658,4.305
2023-11-22,4.711,4.768,4.705,4.733,4.954,4.65,4.3
2023-11-21,4.74,4.788,4.729,4.733,4.95,4.644,4.296
2023-11-20,4.84,4.844,4.761,4.777,4.946,4.638,4.291
2023-11-17,4.782,4.828,4.777,4.798,4.941,4.63,4.285
2023-11-16,4.844,4.853,4.797,4.815,4.936,4.622,4.28
2023-11-15,4.822,4.915,4.817,4.891,4.931,4.614,4.275
2023-11-14,4.877,4.877,4.785,4.818,4.924,4.605,4.269
2023-11-13,4.971,5.017,4.946,4.967,4.917,4.598,4.264
2023-11-10,4.915,4.974,4.906,4.976,4.906,4.588,4.258
2023-11-09,4.874,5.016,4.864,4.963,4.895,4.578,4.251
2023-11-08,4.882,4.895,4.804,4.814,4.884,4.569,4.245
2023-11-07,4.958,4.962,4.883,4.907,4.878,4.561,4.24
2023-11-06,4.967,5.017,4.962,4.991,4.869,4.553,4.234
2023-11-03,4.96,4.963,4.847,4.943,4.86,4.544,4.228
2023-11-02,5.047,5.047,4.967,4.992,4.85,4.535,4.221
2023-11-01,5.258,5.258,5.097,5.106,4.843,4.526,4.216
2023-10-31,5.158,5.285,5.158,5.287,4.833,4.515,4.209
2023-10-30,5.255,5.285,5.2,5.244,4.819,4.503,4.201
2023-10-27,5.216,5.249,5.194,5.211,4.806,4.491,4.194
2023-10-26,5.301,5.31,5.178,5.188,4.792,4.479,4.188
2023-10-25,5.202,5.299,5.198,5.294,4.778,4.468,4.181
2023-10-24,5.21,5.231,5.142,5.154,4.762,4.455,4.174
2023-10-23,5.339,5.342,5.165,5.203,4.748,4.443,4.168
2023-10-20,5.351,5.36,5.262,5.288,4.732,4.432,4.162
2023-10-19,5.284,5.347,5.211,5.342,4.713,4.42,4.155
2023-10-18,5.165,5.259,5.158,5.237,4.694,4.409,4.149
2023-10-17,5.124,5.202,5.124,5.155,4.677,4.398,4.144
2023-10-16,5.045,5.089,5.033,5.07,4.662,4.387,4.138
2023-10-13,4.968,4.999,4.936,4.965,4.65,4.377,4.134
2023-10-12,4.903,5.084,4.899,5.055,4.638,4.368,4.129
2023-10-11,4.938,4.968,4.895,4.898,4.622,4.358,4.123
2023-10-10,5.077,5.105,4.991,5.033,4.609,4.348,4.118
2023-10-06,5.089,5.249,5.089,5.17,4.592,4.338,4.113
2023-10-05,5.059,5.115,5.051,5.079,4.574,4.325,4.106
2023-10-04,5.071,5.11,5.046,5.056,4.555,4.313,4.099
2023-10-03,5.039,5.141,5.015,5.121,4.537,4.301,4.093
2023-10-02,4.948,5.025,4.939,4.995,4.517,4.288,4.086
2023-09-29,4.877,4.94,4.837,4.899,4.499,4.278,4.079
2023-09-28,4.944,5.006,4.896,4.902,4.483,4.268,4.074
2023-09-27,4.825,4.943,4.802,4.917,4.466,4.257,4.068
2023-09-26,4.809,4.879,4.795,4.86,4.449,4.246,4.062
2023-09-25,4.786,4.855,4.782,4.834,4.434,4.235,4.056
2023-09-22,4.74,4.76,4.696,4.712,4.419,4.225,4.051
2023-09-21,4.705,4.774,4.705,4.771,4.407,4.217,4.047
2023-09-20,4.605,4.641,4.567,4.64,4.394,4.207,4.042
2023-09-19,4.595,4.62,4.58,4.613,4.385,4.2,4.037
2023-09-18,4.598,4.62,4.565,4.566,4.378,4.192,4.034
2023-09-15,4.594,4.605,4.57,4.603,4.372,4.184,4.031
2023-09-14,4.509,4.573,4.502,4.564,4.365,4.176,4.028
2023-09-13,4.565,4.592,4.504,4.528,4.356,4.17,4.025
2023-09-12,4.544,4.567,4.528,4.543,4.347,4.163,4.022
2023-09-11,4.56,4.568,4.54,4.565,4.338,4.157,4.02
2023-09-08,4.532,4.535,4.485,4.531,4.329,4.15,4.018
2023-09-07,4.549,4.567,4.525,4.529,4.318,4.144,4.016
2023-09-06,4.532,4.576,4.527,4.547,4.308,4.137,4.014
2023-09-05,4.521,4.57,4.51,4.56,4.298,4.13,4.011
2023-09-01,4.382,4.5,4.377,4.482,4.287,4.121,4.009
2023-08-31,4.395,4.409,4.367,4.406,4.278,4.114,4.008
2023-08-30,4.433,4.437,4.393,4.417,4.27,4.108,4.007
2023-08-29,4.499,4.512,4.397,4.421,4.262,4.1,4.008
2023-08-28,4.481,4.506,4.457,4.481,4.254,4.093,4.008
2023-08-25,4.492,4.532,4.468,4.495,4.245,4.085,4.008
2023-08-24,4.483,4.505,4.459,4.507,4.236,4.078,4.008
2023-08-23,4.575,4.577,4.474,4.483,4.228,4.071,4.008
2023-08-22,4.621,4.656,4.604,4.609,4.22,4.065,4.008
2023-08-21,4.612,4.659,4.608,4.64,4.209,4.058,4.007
2023-08-18,4.564,4.582,4.527,4.562,4.197,4.05,4.005
2023-08-17,4.568,4.606,4.564,4.573,4.188,4.044,4.005
2023-08-16,4.509,4.559,4.486,4.538,4.177,4.036,4.003
2023-08-15,4.504,4.543,4.461,4.5,4.167,4.029,4.002
2023-08-14,4.458,4.486,4.417,4.47,4.157,4.022,4.002
2023-08-11,4.412,4.461,4.412,4.447,4.147,4.016,4.003
2023-08-10,4.293,4.431,4.283,4.426,4.139,4.01,4.004
2023-08-09,4.352,4.354,4.315,4.335,4.132,4.004,4.004
2023-08-08,4.316,4.368,4.307,4.365,4.128,3.999,4.004
2023-08-07,4.409,4.435,4.389,4.426,4.124,3.993,4.004
2023-08-04,4.47,4.494,4.36,4.369,4.118,3.988,4.003
2023-08-03,4.436,4.506,4.425,4.474,4.112,3.983,4.003
2023-08-02,4.311,4.394,4.302,4.364,4.105,3.978,4.002
2023-08-01,4.261,4.318,4.256,4.297,4.098,3.975,4.001
2023-07-31,4.213,4.239,4.186,4.213,4.093,3.973,4.001
2023-07-28,4.212,4.258,4.202,4.215,4.088,3.972,4
2023-07-27,4.131,4.273,4.123,4.247,4.083,3.971,3.999
2023-07-26,4.132,4.15,4.103,4.133,4.077,3.97,3.999
2023-07-25,4.14,4.161,4.12,4.136,4.071,3.97,3.998
2023-07-24,4.074,4.13,4.069,4.125,4.065,3.971,3.997
2023-07-21,4.076,4.108,4.061,4.103,4.06,3.971,3.997
2023-07-20,4.057,4.124,4.057,4.108,4.056,3.971,3.996
2023-07-19,4.037,4.079,4.016,4.03,4.053,3.971,3.996
2023-07-18,4.065,4.084,4.045,4.076,4.049,3.971,3.996
2023-07-17,4.083,4.127,4.083,4.103,4.043,3.971,3.996
2023-07-14,4.065,4.115,4.055,4.117,4.037,3.971,3.995
2023-07-13,4.105,4.13,4.061,4.074,4.031,3.97,3.994
2023-07-12,4.189,4.2,4.12,4.137,4.028,3.97,3.993
2023-07-11,4.22,4.24,4.199,4.216,4.021,3.969,3.991
2023-07-10,4.284,4.306,4.226,4.239,4.014,3.966,3.989
2023-07-07,4.236,4.288,4.207,4.273,4.006,3.962,3.987
2023-07-06,4.198,4.261,4.186,4.236,3.996,3.959,3.984
2023-07-05,4.109,4.171,4.089,4.15,3.988,3.956,3.982
2023-07-03,4.073,4.089,4.014,4.079,3.983,3.952,3.98
2023-06-30,4.121,4.122,4.046,4.074,3.979,3.95,3.978
2023-06-29,4.028,4.131,4.028,4.105,3.975,3.948,3.976
2023-06-28,4.003,4.04,3.986,3.999,3.971,3.944,3.974
2023-06-27,4.003,4.046,3.975,4.04,3.97,3.941,3.972
2023-06-26,3.956,4.018,3.955,4.008,3.966,3.937,3.971
2023-06-23,3.993,4.029,3.967,4.013,3.962,3.935,3.969
2023-06-22,4.011,4.072,3.988,4.066,3.956,3.933,3.967
2023-06-21,4.038,4.06,3.987,3.994,3.95,3.929,3.965
2023-06-20,4.029,4.052,3.984,3.998,3.945,3.927,3.962
2023-06-16,4.016,4.079,4.001,4.045,3.938,3.924,3.96
2023-06-15,4.092,4.1,3.986,4.015,3.931,3.921,3.957
2023-06-14,4.095,4.102,4.053,4.07,3.925,3.919,3.954
2023-06-13,4.032,4.126,3.994,4.102,3.919,3.916,3.951
2023-06-12,4.028,4.104,4.015,4.052,3.913,3.912,3.948
2023-06-09,4.066,4.089,4.037,4.053,3.909,3.908,3.945
2023-06-08,4.139,4.139,4.039,4.051,3.906,3.906,3.942
2023-06-07,4.029,4.121,4.023,4.122,3.904,3.903,3.939
2023-06-06,4.038,4.071,4.002,4.003,3.899,3.899,3.935
2023-06-05,4.092,4.095,4.014,4.037,3.895,3.898,3.932
2023-06-02,3.98,4.043,3.978,4.043,3.891,3.896,3.928
2023-06-01,4.009,4.009,3.948,3.97,3.886,3.894,3.925
2023-05-31,4.036,4.059,3.991,4.019,3.885,3.893,3.922
2023-05-30,4.072,4.103,4.047,4.059,3.881,3.893,3.918
2023-05-26,4.14,4.187,4.133,4.141,3.876,3.892,3.914
2023-05-25,4.107,4.167,4.099,4.165,3.87,3.89,3.909
2023-05-24,4.062,4.128,4.062,4.129,3.862,3.89,3.905
2023-05-23,4.125,4.132,4.074,4.085,3.859,3.89,3.9
2023-05-22,4.074,4.105,4.044,4.098,3.854,3.89,3.895
2023-05-19,4.057,4.087,4.029,4.061,3.851,3.89,3.891
2023-05-18,4.001,4.037,4.001,4.032,3.851,3.89,3.886
2023-05-17,3.931,3.983,3.928,3.964,3.853,3.889,3.882
2023-05-16,3.912,3.99,3.912,3.951,3.856,3.888,3.878
2023-05-15,3.911,3.932,3.884,3.929,3.859,3.888,3.875
2023-05-12,3.834,3.878,3.804,3.88,3.863,3.887,3.872
2023-05-11,3.807,3.834,3.776,3.816,3.869,3.885,3.869
2023-05-10,3.899,3.899,3.858,3.871,3.876,3.884,3.866
2023-05-09,3.893,3.936,3.892,3.926,3.881,3.883,3.863
2023-05-08,3.896,3.924,3.889,3.913,3.885,3.881,3.86
2023-05-05,3.833,3.88,3.826,3.841,3.889,3.88,3.858
2023-05-04,3.796,3.823,3.741,3.806,3.893,3.88,3.856
2023-05-03,3.798,3.816,3.749,3.763,3.899,3.879,3.854
2023-05-02,3.897,3.915,3.805,3.815,3.906,3.878,3.852
2023-05-01,3.845,3.966,3.82,3.93,3.91,3.877,3.849
2023-04-28,3.824,3.84,3.778,3.801,3.912,3.876,3.847
2023-04-27,3.824,3.892,3.817,3.88,3.916,3.876,3.845
2023-04-26,3.778,3.821,3.745,3.818,3.917,3.875,3.843
2023-04-25,3.795,3.796,3.747,3.773,3.919,3.876,3.841
2023-04-24,3.857,3.876,3.831,3.836,3.922,3.879,3.839
2023-04-21,3.866,3.907,3.838,3.909,3.923,3.88,3.837
2023-04-20,3.887,3.887,3.849,3.867,3.922,3.88,3.834
2023-04-19,3.942,3.95,3.896,3.912,3.922,3.881,3.832
2023-04-18,3.896,3.925,3.876,3.901,3.92,3.883,3.83
2023-04-17,3.866,3.927,3.866,3.924,3.917,3.885,3.828
2023-04-14,3.788,3.862,3.786,3.85,3.912,3.887,3.826
2023-04-13,3.763,3.797,3.713,3.792,3.908,3.89,3.825
2023-04-12,3.756,3.794,3.688,3.738,3.908,3.893,3.823
2023-04-11,3.72,3.763,3.707,3.744,3.909,3.897,3.822
2023-04-10,3.686,3.76,3.679,3.744,3.909,3.902,3.821
2023-04-06,3.651,3.671,3.636,3.668,3.909,3.907,3.82
2023-04-05,3.684,3.705,3.654,3.682,3.91,3.915,3.819
2023-04-04,3.806,3.817,3.701,3.715,3.911,3.923,3.819
2023-04-03,3.835,3.846,3.746,3.768,3.913,3.932,3.819
2023-03-31,3.878,3.879,3.789,3.796,3.913,3.939,3.818
2023-03-30,3.896,3.934,3.87,3.877,3.911,3.946,3.816
2023-03-29,3.926,3.949,3.896,3.907,3.906,3.951,3.814
2023-03-28,3.882,3.923,3.875,3.915,3.905,3.956,3.811
2023-03-27,3.845,3.907,3.83,3.898,3.902,3.961,3.808
2023-03-24,3.736,3.795,3.727,3.773,3.899,3.966,3.806
2023-03-23,3.839,3.882,3.781,3.84,3.9,3.971,3.804
2023-03-22,3.943,3.946,3.794,3.802,3.902,3.976,3.801
2023-03-21,3.893,3.916,3.863,3.912,3.903,3.983,3.798
2023-03-20,3.786,3.853,3.767,3.844,3.901,3.99,3.795
2023-03-17,3.783,3.797,3.725,3.788,3.904,3.997,3.792
2023-03-16,3.752,3.871,3.704,3.863,3.907,4.004,3.789
2023-03-15,3.811,3.842,3.716,3.774,3.91,4.01,3.785
2023-03-14,3.862,3.947,3.824,3.947,3.918,4.015,3.782
2023-03-13,3.745,3.879,3.689,3.864,3.92,4.018,3.779
2023-03-10,4.002,4.019,3.871,3.907,3.926,4.023,3.775
2023-03-09,4.141,4.141,4.054,4.068,3.93,4.026,3.772
2023-03-08,4.064,4.126,4.033,4.125,3.929,4.027,3.768
2023-03-07,4.094,4.153,4.074,4.111,3.925,4.028,3.764
2023-03-06,4.051,4.147,4.051,4.125,3.92,4.028,3.76
2023-03-03,4.166,4.17,4.101,4.107,3.917,4.028,3.756
2023-03-02,4.207,4.255,4.206,4.223,3.911,4.027,3.752
2023-03-01,4.12,4.179,4.109,4.164,3.902,4.025,3.747
2023-02-28,4.138,4.161,4.086,4.11,3.892,4.023,3.743
2023-02-27,4.121,4.132,4.071,4.109,3.885,4.023,3.739
2023-02-24,4.065,4.14,4.05,4.119,3.877,4.022,3.736
2023-02-23,4.108,4.133,4.018,4.049,3.871,4.021,3.732
2023-02-22,4.109,4.116,4.06,4.081,3.866,4.022,3.728
2023-02-21,4.073,4.134,4.068,4.129,3.859,4.022,3.724
2023-02-17,4.079,4.087,4.004,4.013,3.849,4.019,3.719
2023-02-16,3.989,4.062,3.989,4.056,3.845,4.018,3.715
2023-02-15,3.94,4.011,3.923,3.989,3.84,4.015,3.71
2023-02-14,3.905,3.977,3.837,3.916,3.835,4.014,3.706
2023-02-13,3.948,3.958,3.9,3.907,3.833,4.012,3.701
2023-02-10,3.905,3.965,3.88,3.954,3.833,4.011,3.697
2023-02-09,3.796,3.903,3.784,3.882,3.835,4.009,3.693
2023-02-08,3.862,3.897,3.821,3.824,3.836,4.008,3.69
2023-02-07,3.842,3.879,3.795,3.87,3.839,4.007,3.686
2023-02-06,3.816,3.837,3.797,3.826,3.841,4.006,3.682
2023-02-03,3.642,3.796,3.637,3.754,3.845,4.004,3.679
2023-02-02,3.636,3.673,3.604,3.66,3.853,4.004,3.676
2023-02-01,3.726,3.769,3.649,3.686,3.863,4.004,3.672
2023-01-31,3.775,3.811,3.739,3.768,3.871,4.005,3.669
2023-01-30,3.792,3.806,3.743,3.781,3.877,4.003,3.665
2023-01-27,3.785,3.802,3.743,3.75,3.885,4.002,3.661
2023-01-26,3.758,3.785,3.715,3.768,3.896,4,3.656
2023-01-25,3.7,3.758,3.69,3.718,3.905,3.997,3.651
2023-01-24,3.76,3.822,3.715,3.724,3.92,3.995,3.647
2023-01-23,3.795,3.831,3.78,3.797,3.935,3.992,3.641
2023-01-20,3.724,3.792,3.719,3.775,3.951,3.989,3.635
2023-01-19,3.661,3.716,3.661,3.687,3.965,3.987,3.629
2023-01-18,3.728,3.728,3.649,3.661,3.98,3.985,3.624
2023-01-17,3.842,3.86,3.78,3.82,3.996,3.983,3.619
2023-01-13,3.774,3.795,3.71,3.78,4.007,3.979,3.613
2023-01-12,3.782,3.879,3.716,3.748,4.019,3.975,3.608
2023-01-11,3.861,3.877,3.816,3.839,4.032,3.971,3.603
2023-01-10,3.867,3.931,3.858,3.922,4.042,3.966,3.597
2023-01-09,3.887,3.893,3.798,3.828,4.051,3.96,3.591
2023-01-06,3.974,4.007,3.838,3.857,4.064,3.955,3.585
2023-01-05,3.993,4.038,3.949,3.969,4.079,3.95,3.578
2023-01-04,3.949,3.997,3.927,3.961,4.091,3.943,3.571
2023-01-03,4.033,4.081,3.992,4.015,4.101,3.936,3.564
2022-12-30,4.126,4.163,4.092,4.147,4.109,3.928,3.557
2022-12-29,4.136,4.147,4.064,4.073,4.112,3.919,3.549
2022-12-28,4.072,4.147,4.069,4.138,4.116,3.91,3.541
2022-12-27,4.048,4.112,4.048,4.102,4.12,3.9,3.532
2022-12-23,3.936,4.004,3.936,4.003,4.122,3.891,3.524
2022-12-22,3.908,3.937,3.89,3.931,4.126,3.882,3.516
2022-12-21,3.903,3.961,3.878,3.904,4.132,3.875,3.507
2022-12-20,3.919,3.952,3.899,3.94,4.136,3.869,3.499
2022-12-19,3.808,3.852,3.805,3.828,4.139,3.862,3.491
2022-12-16,3.756,3.791,3.704,3.741,4.144,3.857,3.483
2022-12-15,3.736,3.737,3.649,3.689,4.148,3.852,3.476
2022-12-14,3.769,3.782,3.705,3.734,4.154,3.847,3.468
2022-12-13,3.751,3.753,3.656,3.747,4.161,3.843,3.462
2022-12-12,3.762,3.841,3.739,3.814,4.167,3.84,3.455
2022-12-09,3.707,3.832,3.707,3.812,4.171,3.836,3.447
2022-12-08,3.674,3.723,3.671,3.687,4.177,3.832,3.44
2022-12-07,3.786,3.786,3.642,3.665,4.185,3.828,3.433
2022-12-06,3.777,3.813,3.751,3.781,4.189,3.826,3.426
2022-12-05,3.788,3.873,3.78,3.807,4.192,3.822,3.419
2022-12-02,3.801,3.905,3.746,3.767,4.191,3.818,3.413
2022-12-01,3.87,3.941,3.796,3.804,4.192,3.814,3.405
2022-11-30,3.998,4.057,3.915,3.931,4.192,3.811,3.398
2022-11-29,3.962,4.027,3.96,4.019,4.189,3.807,3.39
2022-11-28,3.936,3.987,3.927,3.952,4.184,3.8,3.382
2022-11-25,4.002,4.009,3.951,3.958,4.179,3.794,3.373
2022-11-23,4.062,4.068,3.961,3.972,4.175,3.788,3.365
2022-11-22,4.121,4.126,4.042,4.058,4.17,3.783,3.357
2022-11-21,4.118,4.146,4.081,4.132,4.163,3.777,3.347
2022-11-18,4.119,4.152,4.078,4.155,4.155,3.771,3.338
2022-11-17,4.098,4.145,4.091,4.099,4.145,3.765,3.328
2022-11-16,4.171,4.202,4.053,4.071,4.138,3.759,3.318
2022-11-15,4.224,4.253,4.167,4.19,4.129,3.753,3.308
2022-11-14,4.286,4.317,4.245,4.258,4.118,3.746,3.298
2022-11-10,4.475,4.476,4.227,4.234,4.105,3.74,3.288
2022-11-09,4.526,4.534,4.444,4.472,4.09,3.733,3.278
2022-11-08,4.537,4.542,4.472,4.49,4.07,3.723,3.266
2022-11-07,4.483,4.572,4.477,4.559,4.049,3.714,3.255
2022-11-04,4.465,4.527,4.435,4.501,4.027,3.706,3.243
2022-11-03,4.479,4.515,4.4,4.455,4.008,3.697,3.231
2022-11-02,4.356,4.435,4.326,4.426,3.989,3.687,3.22
2022-11-01,4.291,4.395,4.282,4.36,3.97,3.676,3.209
2022-10-31,4.414,4.472,4.388,4.406,3.952,3.667,3.198
2022-10-28,4.38,4.422,4.327,4.399,3.931,3.656,3.187
2022-10-27,4.411,4.426,4.287,4.32,3.911,3.647,3.175
2022-10-26,4.423,4.433,4.357,4.366,3.89,3.636,3.164
2022-10-25,4.538,4.551,4.432,4.479,3.869,3.626,3.153
2022-10-24,4.562,4.663,4.539,4.61,3.846,3.614,3.141
2022-10-21,4.583,4.627,4.542,4.583,3.822,3.6,3.129
2022-10-20,4.383,4.497,4.374,4.482,3.796,3.586,3.117
2022-10-19,4.357,4.4,4.333,4.397,3.771,3.573,3.104
2022-10-18,4.279,4.358,4.265,4.29,3.747,3.56,3.092
2022-10-17,4.215,4.305,4.203,4.296,3.727,3.549,3.08
2022-10-14,4.17,4.303,4.155,4.301,3.704,3.539,3.069
2022-10-13,4.209,4.327,4.181,4.234,3.681,3.527,3.057
2022-10-12,4.207,4.26,4.17,4.181,3.661,3.517,3.046
2022-10-11,4.164,4.245,4.136,4.225,3.639,3.508,3.034
2022-10-07,4.101,4.173,4.101,4.143,3.619,3.5,3.023
2022-10-06,4.045,4.113,4.02,4.083,3.601,3.492,3.011
2022-10-05,4.021,4.095,4.018,4.05,3.585,3.484,3
2022-10-04,3.941,3.987,3.911,3.979,3.57,3.476,2.989
2022-10-03,3.993,4.01,3.923,3.961,3.556,3.469,2.979
2022-09-30,3.975,4.094,3.943,4.091,3.541,3.462,2.969
2022-09-29,4.043,4.063,3.978,4.036,3.525,3.455,2.957
2022-09-28,4.13,4.135,3.962,3.999,3.513,3.449,2.946
2022-09-27,3.994,4.172,3.994,4.14,3.501,3.443,2.936
2022-09-26,3.937,4.066,3.904,4.061,3.487,3.434,2.925
2022-09-23,3.932,3.949,3.835,3.894,3.472,3.426,2.914
2022-09-22,3.749,3.914,3.748,3.912,3.462,3.419,2.904
2022-09-21,3.787,3.838,3.729,3.758,3.451,3.412,2.894
2022-09-20,3.853,3.871,3.808,3.828,3.445,3.405,2.884
2022-09-19,3.809,3.811,3.749,3.792,3.436,3.398,2.874
2022-09-16,3.765,3.832,3.748,3.785,3.431,3.391,2.864
2022-09-15,3.758,3.769,3.724,3.751,3.424,3.384,2.855
2022-09-14,3.782,3.793,3.718,3.728,3.417,3.377,2.845
2022-09-13,3.728,3.808,3.712,3.746,3.409,3.372,2.836
2022-09-12,3.664,3.766,3.663,3.753,3.401,3.365,2.828
2022-09-09,3.682,3.728,3.654,3.703,3.395,3.359,2.819
2022-09-08,3.615,3.725,3.615,3.721,3.39,3.353,2.811
2022-09-07,3.714,3.729,3.639,3.663,3.387,3.347,2.802
2022-09-06,3.665,3.758,3.642,3.759,3.385,3.34,2.794
2022-09-02,3.614,3.674,3.588,3.614,3.38,3.333,2.785
2022-09-01,3.623,3.672,3.609,3.641,3.377,3.327,2.777
2022-08-31,3.514,3.572,3.474,3.571,3.375,3.319,2.769
2022-08-30,3.473,3.526,3.453,3.492,3.375,3.312,2.761
2022-08-29,3.47,3.51,3.463,3.498,3.376,3.305,2.753
2022-08-26,3.503,3.504,3.41,3.434,3.376,3.298,2.745
2022-08-25,3.539,3.561,3.45,3.462,3.379,3.29,2.738
2022-08-24,3.501,3.566,3.494,3.551,3.384,3.281,2.73
2022-08-23,3.484,3.525,3.436,3.501,3.386,3.272,2.722
2022-08-22,3.427,3.496,3.427,3.475,3.384,3.263,2.714
2022-08-19,3.428,3.462,3.428,3.444,3.383,3.255,2.707
2022-08-18,3.333,3.376,3.317,3.357,3.382,3.247,2.7
2022-08-17,3.363,3.398,3.341,3.392,3.382,3.241,2.693
2022-08-16,3.317,3.377,3.291,3.3,3.382,3.234,2.686
2022-08-15,3.283,3.324,3.269,3.313,3.383,3.227,2.679
2022-08-12,3.348,3.382,3.319,3.329,3.382,3.221,2.673
2022-08-11,3.236,3.403,3.235,3.396,3.381,3.214,2.666
2022-08-10,3.226,3.289,3.162,3.272,3.379,3.206,2.659
2022-08-09,3.245,3.258,3.216,3.226,3.376,3.199,2.654
2022-08-08,3.234,3.249,3.195,3.214,3.375,3.192,2.648
2022-08-05,3.191,3.308,3.191,3.277,3.374,3.186,2.642
2022-08-04,3.135,3.173,3.125,3.156,3.372,3.179,2.636
2022-08-03,3.247,3.298,3.146,3.161,3.374,3.172,2.63
2022-08-02,3.041,3.245,3.035,3.215,3.374,3.164,2.624
2022-08-01,3.244,3.25,3.099,3.109,3.374,3.156,2.618
2022-07-29,3.248,3.263,3.158,3.218,3.377,3.149,2.613
2022-07-28,3.304,3.306,3.185,3.237,3.381,3.139,2.607
2022-07-27,3.253,3.313,3.22,3.3,3.382,3.129,2.602
2022-07-26,3.222,3.279,3.191,3.278,3.383,3.119,2.595
2022-07-25,3.296,3.315,3.255,3.264,3.382,3.11,2.589
2022-07-22,3.253,3.266,3.186,3.214,3.382,3.099,2.583
2022-07-21,3.455,3.455,3.297,3.303,3.384,3.09,2.576
2022-07-20,3.364,3.448,3.352,3.421,3.386,3.08,2.57
2022-07-19,3.432,3.466,3.392,3.433,3.386,3.07,2.563
2022-07-18,3.396,3.441,3.388,3.425,3.385,3.059,2.556
2022-07-15,3.321,3.37,3.304,3.327,3.381,3.048,2.548
2022-07-14,3.375,3.434,3.351,3.373,3.379,3.038,2.541
2022-07-13,3.388,3.484,3.334,3.396,3.376,3.027,2.534
2022-07-12,3.365,3.416,3.329,3.412,3.373,3.017,2.526
2022-07-11,3.477,3.484,3.403,3.422,3.366,3.007,2.518
2022-07-08,3.451,3.544,3.45,3.516,3.36,2.997,2.51
2022-07-07,3.427,3.469,3.397,3.451,3.35,2.985,2.501
2022-07-06,3.303,3.423,3.277,3.407,3.343,2.974,2.493
2022-07-05,3.337,3.347,3.275,3.319,3.338,2.963,2.485
2022-07-01,3.385,3.387,3.263,3.354,3.334,2.953,2.477
2022-06-30,3.421,3.446,3.372,3.437,3.328,2.942,2.47
2022-06-29,3.524,3.56,3.46,3.473,3.323,2.931,2.462
2022-06-28,3.599,3.626,3.535,3.541,3.316,2.918,2.454
2022-06-27,3.566,3.594,3.537,3.578,3.307,2.904,2.445
2022-06-24,3.483,3.524,3.44,3.519,3.296,2.89,2.437
2022-06-23,3.466,3.482,3.384,3.461,3.285,2.877,2.429
2022-06-22,3.517,3.521,3.465,3.502,3.276,2.864,2.421
2022-06-21,3.604,3.643,3.584,3.59,3.264,2.85,2.412
2022-06-17,3.54,3.594,3.497,3.533,3.25,2.837,2.404
2022-06-16,3.702,3.733,3.476,3.509,3.235,2.823,2.395
2022-06-15,3.656,3.7,3.574,3.59,3.22,2.81,2.387
2022-06-14,3.589,3.724,3.579,3.716,3.201,2.795,2.378
2022-06-13,3.539,3.687,3.535,3.622,3.178,2.78,2.369
2022-06-10,3.384,3.483,3.321,3.445,3.158,2.766,2.36
2022-06-09,3.43,3.439,3.382,3.396,3.141,2.754,2.352
2022-06-08,3.402,3.414,3.354,3.4,3.127,2.742,2.344
2022-06-07,3.394,3.399,3.324,3.347,3.113,2.729,2.336
2022-06-06,3.342,3.433,3.338,3.429,3.101,2.717,2.328
2022-06-03,3.319,3.378,3.305,3.309,3.086,2.704,2.32
2022-06-02,3.262,3.331,3.261,3.295,3.072,2.692,2.312
2022-06-01,3.276,3.325,3.233,3.283,3.06,2.681,2.305
2022-05-31,3.263,3.312,3.244,3.256,3.047,2.669,2.298
2022-05-27,3.171,3.171,3.124,3.157,3.033,2.658,2.291
2022-05-26,3.155,3.215,3.148,3.168,3.022,2.647,2.285
2022-05-25,3.121,3.174,3.103,3.159,3.009,2.636,2.279
2022-05-24,3.201,3.221,3.124,3.155,2.998,2.624,2.272
2022-05-23,3.223,3.272,3.189,3.253,2.986,2.612,2.265
2022-05-20,3.23,3.246,3.158,3.171,2.97,2.599,2.258
2022-05-19,3.199,3.255,3.161,3.236,2.955,2.587,2.251
2022-05-18,3.395,3.405,3.248,3.269,2.939,2.574,2.243
2022-05-17,3.319,3.398,3.319,3.386,2.92,2.56,2.236
2022-05-16,3.32,3.328,3.277,3.313,2.898,2.545,2.228
2022-05-13,3.281,3.333,3.273,3.316,2.876,2.531,2.221
2022-05-12,3.193,3.257,3.179,3.234,2.856,2.517,2.213
2022-05-11,3.313,3.432,3.236,3.266,2.838,2.503,2.206
2022-05-10,3.329,3.349,3.276,3.343,2.817,2.489,2.199
2022-05-09,3.485,3.494,3.374,3.382,2.795,2.475,2.192
2022-05-06,3.349,3.464,3.349,3.446,2.774,2.46,2.184
2022-05-05,3.227,3.415,3.221,3.348,2.753,2.443,2.176
2022-05-04,3.207,3.268,3.184,3.238,2.733,2.429,2.168
2022-05-03,3.22,3.238,3.169,3.223,2.715,2.416,2.161
2022-05-02,3.193,3.284,3.193,3.249,2.696,2.403,2.154
2022-04-29,3.117,3.208,3.105,3.21,2.678,2.389,2.147
2022-04-28,3.148,3.166,3.083,3.09,2.662,2.376,2.141
2022-04-27,3.039,3.117,3.017,3.117,2.649,2.363,2.135
2022-04-26,3.042,3.059,3.001,3.016,2.633,2.35,2.129
2022-04-25,3.083,3.097,3.04,3.083,2.619,2.338,2.123
2022-04-22,3.116,3.158,3.09,3.148,2.605,2.326,2.117
2022-04-21,3.093,3.187,3.072,3.133,2.588,2.313,2.111
2022-04-20,3.133,3.153,3.046,3.062,2.572,2.301,2.105
2022-04-19,3.158,3.201,3.151,3.191,2.556,2.291,2.1
2022-04-18,3.107,3.148,3.08,3.131,2.538,2.279,2.094
2022-04-14,2.97,3.105,2.967,3.096,2.52,2.268,2.088
2022-04-13,3.027,3.031,2.934,2.987,2.501,2.257,2.083
2022-04-12,2.966,3.012,2.94,2.994,2.485,2.247,2.078
2022-04-11,2.982,3.023,2.938,3.008,2.468,2.237,2.074
2022-04-08,2.878,2.954,2.873,2.914,2.451,2.228,2.069
2022-04-07,2.826,2.893,2.809,2.865,2.436,2.219,2.064
2022-04-06,2.827,2.85,2.774,2.808,2.423,2.21,2.06
2022-04-05,2.697,2.766,2.661,2.749,2.411,2.201,2.056
2022-04-04,2.615,2.666,2.599,2.618,2.399,2.192,2.052
2022-04-01,2.644,2.7,2.575,2.593,2.39,2.185,2.05
2022-03-31,2.605,2.625,2.585,2.603,2.381,2.178,2.048
2022-03-30,2.668,2.7,2.612,2.628,2.374,2.172,2.045
2022-03-29,2.724,2.726,2.636,2.661,2.367,2.166,2.042
2022-03-28,2.719,2.74,2.673,2.705,2.357,2.159,2.039
2022-03-25,2.646,2.786,2.643,2.743,2.345,2.152,2.036
2022-03-24,2.685,2.697,2.625,2.666,2.333,2.144,2.033
2022-03-23,2.736,2.736,2.594,2.613,2.322,2.138,2.031
2022-03-22,2.693,2.733,2.687,2.724,2.313,2.131,2.028
2022-03-21,2.592,2.675,2.592,2.644,2.301,2.124,2.026
2022-03-18,2.552,2.569,2.518,2.541,2.291,2.118,2.024
2022-03-17,2.528,2.612,2.52,2.581,2.282,2.113,2.022
2022-03-16,2.567,2.629,2.528,2.563,2.273,2.108,2.02
2022-03-15,2.538,2.587,2.516,2.566,2.262,2.104,2.018
2022-03-14,2.506,2.575,2.503,2.567,2.25,2.099,2.016
2022-03-11,2.466,2.471,2.415,2.445,2.238,2.093,2.014
2022-03-10,2.425,2.484,2.406,2.449,2.229,2.089,2.013
2022-03-09,2.356,2.412,2.347,2.413,2.218,2.084,2.012
2022-03-08,2.331,2.358,2.317,2.332,2.208,2.08,2.011
2022-03-07,2.271,2.306,2.219,2.288,2.201,2.077,2.011
2022-03-04,2.233,2.256,2.192,2.225,2.192,2.075,2.011
2022-03-03,2.314,2.346,2.282,2.304,2.186,2.074,2.011
2022-03-02,2.217,2.371,2.208,2.342,2.177,2.071,2.011
2022-03-01,2.23,2.252,2.147,2.197,2.168,2.068,2.01
2022-02-28,2.317,2.318,2.228,2.245,2.161,2.066,2.011
2022-02-25,2.391,2.396,2.348,2.357,2.154,2.063,2.011
2022-02-24,2.245,2.384,2.239,2.365,2.145,2.06,2.01
2022-02-23,2.327,2.377,2.317,2.371,2.134,2.056,2.009
2022-02-22,2.321,2.33,2.282,2.307,2.125,2.053,2.008
2022-02-18,2.322,2.332,2.29,2.303,2.117,2.049,2.007
2022-02-17,2.359,2.377,2.309,2.34,2.11,2.045,2.006
2022-02-16,2.4,2.442,2.372,2.411,2.101,2.041,2.005
2022-02-15,2.388,2.427,2.387,2.415,2.09,2.034,2.004
2022-02-14,2.329,2.391,2.321,2.352,2.077,2.028,2.003
2022-02-11,2.359,2.42,2.286,2.306,2.067,2.023,2.002
2022-02-10,2.289,2.403,2.289,2.383,2.057,2.018,2.001
2022-02-09,2.291,2.315,2.268,2.303,2.046,2.012,2
2022-02-08,2.308,2.332,2.301,2.32,2.039,2.007,1.999
2022-02-07,2.277,2.303,2.272,2.283,2.03,2.002,1.998
2022-02-04,2.191,2.3,2.191,2.276,2.025,1.998,1.997
2022-02-03,2.19,2.237,2.185,2.211,2.021,1.993,1.997
2022-02-02,2.167,2.19,2.117,2.163,2.017,1.99,1.996
2022-02-01,2.151,2.217,2.15,2.177,2.012,1.987,1.996
2022-01-31,2.189,2.193,2.156,2.177,2.009,1.984,1.996
2022-01-28,2.207,2.211,2.139,2.145,2.006,1.981,1.997
2022-01-27,2.193,2.204,2.148,2.163,2.004,1.978,1.997
2022-01-26,2.181,2.249,2.169,2.236,2.002,1.974,1.997
2022-01-25,2.163,2.192,2.126,2.172,1.996,1.971,1.997
2022-01-24,2.108,2.18,2.099,2.174,1.992,1.967,1.997
2022-01-21,2.152,2.164,2.109,2.141,1.985,1.964,1.998
2022-01-20,2.206,2.215,2.179,2.182,1.981,1.961,1.998
2022-01-19,2.239,2.252,2.192,2.24,1.975,1.958,1.998
2022-01-18,2.213,2.266,2.201,2.259,1.97,1.954,1.998
2022-01-14,2.115,2.189,2.109,2.186,1.965,1.949,1.999
2022-01-13,2.131,2.139,2.089,2.106,1.961,1.945,1.999
2022-01-12,2.119,2.151,2.097,2.143,1.958,1.942,2
2022-01-11,2.134,2.155,2.114,2.117,1.955,1.939,2.001
2022-01-10,2.157,2.187,2.125,2.138,1.953,1.936,2.001
2022-01-07,2.129,2.182,2.118,2.152,1.949,1.933,2.002
2022-01-06,2.147,2.148,2.107,2.11,1.946,1.929,2.002
2022-01-05,2.1,2.126,2.075,2.122,1.945,1.927,2.003
2022-01-04,2.103,2.125,2.077,2.093,1.944,1.925,2.004
2022-01-03,1.979,2.067,1.979,2.053,1.944,1.923,2.005
2021-12-31,1.944,1.965,1.904,1.935,1.945,1.922,2.007
2021-12-30,1.985,2.001,1.943,1.955,1.948,1.921,2.009
2021-12-29,1.977,2.003,1.966,1.999,1.949,1.919,2.01
2021-12-28,1.918,1.944,1.889,1.932,1.949,1.916,2.012
2021-12-27,1.926,1.932,1.91,1.921,1.95,1.914,2.013
2021-12-23,1.887,1.938,1.877,1.933,1.951,1.913,2.014
2021-12-22,1.898,1.904,1.873,1.88,1.954,1.912,2.015
2021-12-21,1.924,1.961,1.887,1.893,1.958,1.911,2.017
2021-12-20,1.85,1.895,1.839,1.892,1.962,1.91,2.018
2021-12-17,1.859,1.872,1.842,1.849,1.965,1.909,2.02
2021-12-16,1.923,1.933,1.871,1.887,1.968,1.91,2.021
2021-12-15,1.874,1.914,1.857,1.895,1.971,1.909,2.022
2021-12-14,1.855,1.906,1.841,1.869,1.972,1.908,2.023
2021-12-13,1.892,1.892,1.833,1.838,1.974,1.908,2.024
2021-12-10,1.911,1.924,1.869,1.914,1.978,1.908,2.026
2021-12-09,1.898,1.937,1.889,1.919,1.98,1.906,2.026
2021-12-08,1.891,1.955,1.889,1.95,1.981,1.906,2.027
2021-12-07,1.859,1.886,1.836,1.876,1.981,1.904,2.027
2021-12-06,1.788,1.86,1.776,1.857,1.981,1.905,2.028
2021-12-03,1.837,1.875,1.748,1.759,1.979,1.906,2.028
2021-12-02,1.831,1.87,1.819,1.847,1.98,1.907,2.029
2021-12-01,1.88,1.913,1.816,1.82,1.979,1.908,2.029
2021-11-30,1.859,1.899,1.842,1.862,1.979,1.908,2.029
2021-11-29,1.942,1.971,1.908,1.916,1.978,1.908,2.029
2021-11-26,1.947,1.954,1.872,1.88,1.976,1.908,2.028
2021-11-24,2.063,2.087,2.017,2.024,1.974,1.909,2.027
2021-11-23,2.046,2.094,2.034,2.078,1.971,1.909,2.026
2021-11-22,1.967,2.032,1.963,2.012,1.966,1.908,2.024
2021-11-19,1.968,1.982,1.932,1.943,1.962,1.908,2.023
2021-11-18,2.02,2.032,1.99,1.999,1.961,1.909,2.022
2021-11-17,2.078,2.088,2.013,2.024,1.959,1.91,2.02
2021-11-16,2.026,2.073,2.018,2.068,1.956,1.91,2.019
2021-11-15,1.953,2.055,1.953,2.033,1.951,1.91,2.017
2021-11-12,1.963,1.998,1.937,1.962,1.947,1.91,2.015
2021-11-10,1.845,1.989,1.845,1.954,1.945,1.91,2.013
2021-11-09,1.871,1.872,1.82,1.856,1.942,1.911,2.011
2021-11-08,1.912,1.92,1.895,1.9,1.942,1.912,2.01
2021-11-05,1.964,1.972,1.876,1.896,1.942,1.915,2.008
2021-11-04,2.013,2.026,1.948,1.97,1.941,1.917,2.007
2021-11-03,1.953,2.04,1.932,2.03,1.939,1.918,2.006
2021-11-02,1.992,2.005,1.948,1.969,1.934,1.919,2.004
2021-11-01,2.009,2.032,1.985,1.989,1.93,1.919,2.002
2021-10-29,2.033,2.038,1.958,1.974,1.926,1.92,2
2021-10-28,1.931,2.009,1.927,2.009,1.923,1.922,1.999
2021-10-27,1.991,1.993,1.913,1.939,1.919,1.924,1.997
2021-10-26,2.051,2.071,2.015,2.02,1.917,1.926,1.996
2021-10-25,2.088,2.097,2.047,2.06,1.913,1.928,1.994
2021-10-22,2.096,2.097,2.045,2.05,1.91,1.929,1.992
2021-10-21,2.115,2.121,2.083,2.123,1.907,1.931,1.99
2021-10-20,2.061,2.108,2.054,2.108,1.902,1.931,1.986
2021-10-19,2.04,2.073,2.028,2.066,1.898,1.932,1.983
2021-10-18,2.011,2.037,1.988,2.016,1.894,1.933,1.98
2021-10-15,1.997,2.027,1.99,2.008,1.889,1.935,1.977
2021-10-14,1.996,2.011,1.965,1.969,1.883,1.937,1.974
2021-10-13,2.02,2.045,1.978,1.987,1.879,1.939,1.972
2021-10-12,2.087,2.091,2.029,2.047,1.874,1.942,1.969
2021-10-08,2.075,2.121,2.064,2.113,1.869,1.944,1.966
2021-10-07,2.038,2.081,2.033,2.075,1.864,1.946,1.963
2021-10-06,2.043,2.043,2.002,2.024,1.858,1.948,1.96
2021-10-05,1.996,2.048,1.995,2.038,1.854,1.95,1.957
2021-10-04,1.997,2.019,1.972,1.988,1.851,1.952,1.955
2021-10-01,2.007,2.014,1.967,1.97,1.848,1.955,1.952
2021-09-30,2.027,2.048,1.984,1.99,1.845,1.958,1.949
2021-09-29,2.015,2.047,1.986,2.013,1.842,1.96,1.946
2021-09-28,2.02,2.048,1.998,2.037,1.838,1.961,1.943
2021-09-27,1.972,1.987,1.935,1.95,1.832,1.962,1.94
2021-09-24,1.898,1.936,1.884,1.928,1.83,1.964,1.938
2021-09-23,1.785,1.895,1.781,1.889,1.828,1.966,1.936
2021-09-22,1.8,1.805,1.754,1.756,1.828,1.969,1.934
2021-09-21,1.805,1.815,1.789,1.8,1.833,1.973,1.932
2021-09-20,1.792,1.819,1.776,1.796,1.835,1.977,1.931
2021-09-17,1.818,1.871,1.818,1.848,1.838,1.981,1.929
2021-09-16,1.804,1.84,1.804,1.827,1.837,1.984,1.927
2021-09-15,1.757,1.82,1.757,1.798,1.838,1.987,1.925
2021-09-14,1.851,1.859,1.757,1.789,1.84,1.991,1.923
2021-09-13,1.836,1.845,1.827,1.836,1.844,1.994,1.921
2021-09-10,1.838,1.872,1.834,1.861,1.847,1.997,1.919
2021-09-09,1.866,1.88,1.81,1.823,1.85,2,1.916
2021-09-08,1.881,1.894,1.864,1.88,1.854,2.003,1.914
2021-09-07,1.901,1.921,1.89,1.91,1.857,2.006,1.911
2021-09-03,1.809,1.873,1.8,1.864,1.861,2.009,1.908
2021-09-02,1.82,1.843,1.817,1.821,1.864,2.012,1.906
2021-09-01,1.858,1.859,1.821,1.834,1.868,2.016,1.904
2021-08-31,1.828,1.862,1.81,1.854,1.872,2.02,1.902
2021-08-30,1.849,1.849,1.813,1.822,1.876,2.023,1.9
2021-08-27,1.866,1.872,1.831,1.846,1.879,2.027,1.898
2021-08-26,1.884,1.903,1.86,1.877,1.883,2.031,1.896
2021-08-25,1.84,1.887,1.821,1.876,1.888,2.035,1.894
2021-08-24,1.81,1.834,1.8,1.836,1.892,2.039,1.891
2021-08-23,1.804,1.811,1.785,1.793,1.898,2.043,1.888
2021-08-20,1.772,1.8,1.772,1.79,1.903,2.048,1.886
2021-08-19,1.785,1.808,1.783,1.791,1.908,2.053,1.884
2021-08-18,1.822,1.835,1.789,1.795,1.914,2.058,1.883
2021-08-17,1.789,1.832,1.786,1.815,1.921,2.063,1.881
2021-08-16,1.833,1.834,1.783,1.825,1.928,2.067,1.878
2021-08-13,1.899,1.906,1.825,1.827,1.935,2.071,1.876
2021-08-12,1.91,1.936,1.901,1.905,1.943,2.075,1.873
2021-08-11,1.912,1.922,1.87,1.903,1.949,2.079,1.871
2021-08-10,1.867,1.907,1.859,1.906,1.955,2.083,1.868
2021-08-09,1.834,1.882,1.825,1.878,1.961,2.088,1.866
2021-08-06,1.797,1.859,1.797,1.852,1.967,2.092,1.863
2021-08-05,1.736,1.771,1.729,1.767,1.973,2.096,1.861
2021-08-04,1.723,1.78,1.708,1.741,1.981,2.101,1.858
2021-08-03,1.753,1.76,1.733,1.749,1.99,2.107,1.856
2021-08-02,1.816,1.816,1.734,1.754,2,2.111,1.854
2021-07-30,1.809,1.82,1.797,1.806,2.01,2.115,1.851
2021-07-29,1.823,1.85,1.813,1.839,2.019,2.119,1.849
2021-07-28,1.841,1.846,1.796,1.799,2.028,2.122,1.846
2021-07-27,1.814,1.823,1.797,1.812,2.037,2.126,1.844
2021-07-26,1.821,1.864,1.813,1.861,2.046,2.13,1.842
2021-07-23,1.862,1.87,1.833,1.836,2.054,2.133,1.839
2021-07-22,1.85,1.86,1.798,1.84,2.063,2.135,1.836
2021-07-21,1.815,1.886,1.811,1.86,2.071,2.138,1.833
2021-07-20,1.732,1.797,1.692,1.797,2.078,2.139,1.83
2021-07-19,1.76,1.768,1.725,1.744,2.085,2.143,1.827
2021-07-16,1.867,1.887,1.843,1.846,2.093,2.147,1.824
2021-07-15,1.864,1.894,1.838,1.844,2.098,2.148,1.821
2021-07-14,1.932,1.937,1.892,1.894,2.104,2.15,1.817
2021-07-13,1.897,1.978,1.878,1.969,2.11,2.151,1.814
2021-07-12,1.892,1.926,1.888,1.924,2.114,2.15,1.81
2021-07-09,1.886,1.912,1.884,1.911,2.119,2.15,1.807
2021-07-08,1.812,1.852,1.798,1.846,2.125,2.15,1.803
2021-07-07,1.872,1.889,1.84,1.862,2.131,2.15,1.8
2021-07-06,1.967,1.967,1.896,1.901,2.136,2.149,1.797
2021-07-02,1.968,2.005,1.964,1.977,2.141,2.147,1.793
2021-07-01,2.02,2.026,1.995,1.997,2.144,2.145,1.79
2021-06-30,2.01,2.023,1.978,2.02,2.146,2.143,1.786
2021-06-29,2.047,2.059,2.015,2.019,2.149,2.141,1.782
2021-06-28,2.062,2.069,2.019,2.029,2.152,2.138,1.778
2021-06-25,2.027,2.103,2.016,2.078,2.155,2.135,1.774
2021-06-24,2.024,2.036,2.015,2.032,2.156,2.131,1.77
2021-06-23,2.037,2.053,2.027,2.038,2.16,2.127,1.765
2021-06-22,2.059,2.077,2.013,2.019,2.163,2.123,1.761
2021-06-21,1.999,2.05,1.992,2.043,2.167,2.119,1.757
2021-06-18,2.051,2.052,1.954,1.963,2.171,2.115,1.753
2021-06-17,2.115,2.117,1.993,2.041,2.175,2.111,1.749
2021-06-16,2.1,2.154,2.085,2.141,2.18,2.107,1.745
2021-06-15,2.105,2.131,2.099,2.107,2.182,2.102,1.741
2021-06-14,2.066,2.117,2.066,2.108,2.185,2.097,1.736
2021-06-11,2.061,2.084,2.059,2.063,2.187,2.093,1.731
2021-06-10,2.099,2.135,2.043,2.046,2.192,2.088,1.727
2021-06-09,2.104,2.108,2.073,2.094,2.197,2.084,1.722
2021-06-08,2.124,2.141,2.108,2.138,2.201,2.08,1.717
2021-06-07,2.17,2.17,2.156,2.168,2.204,2.075,1.713
2021-06-04,2.212,2.235,2.144,2.149,2.206,2.07,1.708
2021-06-03,2.208,2.228,2.195,2.222,2.207,2.065,1.703
2021-06-02,2.197,2.211,2.192,2.196,2.207,2.06,1.698
2021-06-01,2.222,2.246,2.204,2.21,2.209,2.054,1.693
2021-05-28,2.201,2.204,2.174,2.198,2.212,2.048,1.687
2021-05-27,2.192,2.217,2.186,2.196,2.215,2.041,1.681
2021-05-26,2.154,2.181,2.146,2.169,2.217,2.034,1.675
2021-05-25,2.198,2.199,2.152,2.155,2.22,2.027,1.669
2021-05-24,2.215,2.22,2.193,2.207,2.222,2.02,1.663
2021-05-21,2.235,2.254,2.226,2.23,2.224,2.012,1.657
2021-05-20,2.275,2.277,2.238,2.246,2.223,2.004,1.651
2021-05-19,2.282,2.311,2.243,2.282,2.221,1.997,1.645
2021-05-18,2.27,2.291,2.255,2.264,2.218,1.988,1.638
2021-05-17,2.249,2.278,2.24,2.276,2.217,1.98,1.632
2021-05-14,2.254,2.271,2.23,2.236,2.215,1.972,1.625
2021-05-13,2.276,2.29,2.254,2.278,2.214,1.965,1.62
2021-05-12,2.212,2.299,2.212,2.292,2.212,1.957,1.613
2021-05-11,2.205,2.235,2.199,2.22,2.207,1.948,1.607
2021-05-10,2.162,2.199,2.142,2.196,2.204,1.941,1.601
2021-05-07,2.124,2.167,2.035,2.161,2.201,1.933,1.596
2021-05-06,2.141,2.157,2.118,2.134,2.202,1.925,1.59
2021-05-05,2.167,2.184,2.126,2.13,2.201,1.918,1.585
2021-05-04,2.155,2.159,2.112,2.149,2.198,1.912,1.58
2021-05-03,2.19,2.191,2.133,2.164,2.195,1.905,1.575
2021-04-30,2.191,2.205,2.168,2.18,2.192,1.898,1.569
2021-04-29,2.219,2.24,2.18,2.185,2.187,1.891,1.564
2021-04-28,2.191,2.203,2.168,2.175,2.181,1.884,1.558
2021-04-27,2.139,2.186,2.124,2.177,2.175,1.877,1.553
2021-04-26,2.152,2.152,2.112,2.125,2.169,1.87,1.548
2021-04-23,2.107,2.151,2.102,2.124,2.162,1.862,1.543
2021-04-22,2.147,2.161,2.106,2.11,2.154,1.855,1.538
2021-04-21,2.154,2.165,2.124,2.136,2.147,1.848,1.534
2021-04-20,2.183,2.197,2.138,2.142,2.14,1.84,1.529
2021-04-19,2.163,2.19,2.16,2.185,2.132,1.832,1.524
2021-04-16,2.156,2.185,2.141,2.155,2.124,1.824,1.519
2021-04-15,2.182,2.188,2.103,2.17,2.115,1.816,1.514
2021-04-14,2.204,2.23,2.2,2.214,2.106,1.808,1.509
2021-04-13,2.234,2.245,2.188,2.192,2.095,1.8,1.504
2021-04-12,2.219,2.243,2.214,2.227,2.084,1.792,1.499
2021-04-09,2.235,2.246,2.197,2.216,2.071,1.784,1.494
2021-04-08,2.246,2.246,2.189,2.191,2.059,1.776,1.489
2021-04-07,2.235,2.264,2.214,2.263,2.047,1.769,1.485
2021-04-06,2.251,2.256,2.221,2.233,2.034,1.761,1.48
2021-04-05,2.286,2.295,2.257,2.26,2.022,1.753,1.475
2021-04-01,2.268,2.277,2.229,2.233,2.01,1.743,1.47
2021-03-31,2.294,2.333,2.274,2.314,1.998,1.734,1.465
2021-03-30,2.339,2.345,2.275,2.279,1.985,1.725,1.46
2021-03-29,2.244,2.326,2.241,2.304,1.972,1.716,1.455
2021-03-26,2.284,2.284,2.24,2.283,1.959,1.708,1.45
2021-03-25,2.197,2.246,2.185,2.247,1.946,1.698,1.446
2021-03-24,2.232,2.249,2.195,2.202,1.934,1.689,1.442
2021-03-23,2.259,2.279,2.221,2.227,1.924,1.68,1.438
2021-03-22,2.306,2.321,2.279,2.303,1.913,1.672,1.433
2021-03-19,2.328,2.382,2.328,2.343,1.9,1.663,1.428
2021-03-18,2.403,2.413,2.351,2.356,1.885,1.654,1.422
2021-03-17,2.333,2.358,2.303,2.32,1.868,1.644,1.416
2021-03-16,2.254,2.308,2.251,2.29,1.85,1.634,1.411
2021-03-15,2.285,2.289,2.251,2.265,1.833,1.625,1.405
2021-03-12,2.261,2.316,2.252,2.292,1.817,1.615,1.4
2021-03-11,2.15,2.207,2.15,2.199,1.801,1.605,1.394
2021-03-10,2.162,2.171,2.136,2.143,1.786,1.596,1.389
2021-03-09,2.156,2.174,2.132,2.136,1.772,1.587,
2021-03-08,2.189,2.219,2.176,2.205,1.759,1.579,
2021-03-05,2.193,2.233,2.157,2.188,1.744,1.571,
2021-03-04,2.122,2.198,2.115,2.197,1.729,1.562,
2021-03-03,2.13,2.163,2.11,2.152,1.715,1.553,
2021-03-02,2.114,2.116,2.053,2.064,1.702,1.545,
2021-03-01,2.109,2.119,2.069,2.079,1.689,1.537,
2021-02-26,2.127,2.157,1.996,2.046,1.677,1.529,
2021-02-25,2.142,2.277,2.104,2.191,1.664,1.52,
2021-02-24,2.082,2.116,2.046,2.065,1.649,1.51,
2021-02-23,2.022,2.048,2,2.011,1.636,1.502,
2021-02-22,1.984,2.031,1.959,2.014,1.625,1.493,
2021-02-19,1.928,1.99,1.928,1.974,1.614,1.485,
2021-02-18,1.921,1.942,1.896,1.922,1.604,1.477,
2021-02-17,1.917,1.93,1.87,1.886,1.596,1.47,
2021-02-16,1.882,1.922,1.879,1.924,1.588,1.463,
2021-02-12,1.804,1.832,1.796,1.832,1.579,1.456,
2021-02-11,1.731,1.773,1.726,1.772,1.571,1.45,
2021-02-10,1.783,1.783,1.729,1.733,1.563,1.445,
2021-02-09,1.752,1.776,1.741,1.771,1.556,1.44,
2021-02-08,1.796,1.797,1.75,1.775,1.548,1.434,
2021-02-05,1.768,1.794,1.736,1.781,1.541,1.428,
2021-02-04,1.751,1.755,1.732,1.745,1.532,1.423,
2021-02-03,1.71,1.733,1.697,1.734,1.524,1.418,
2021-02-02,1.7,1.701,1.675,1.682,1.516,1.412,
2021-02-01,1.659,1.667,1.639,1.665,1.51,1.408,
2021-01-29,1.667,1.68,1.637,1.644,1.505,1.403,
2021-01-28,1.572,1.644,1.57,1.617,1.5,1.398,
2021-01-27,1.588,1.595,1.567,1.582,1.496,1.394,
2021-01-26,1.603,1.618,1.596,1.6,1.493,1.39,
2021-01-25,1.623,1.63,1.593,1.597,1.491,1.387,
2021-01-22,1.647,1.67,1.643,1.653,1.489,1.384,
2021-01-21,1.663,1.68,1.656,1.676,1.483,1.38,
2021-01-20,1.652,1.655,1.624,1.633,1.476,1.375,
2021-01-19,1.651,1.664,1.634,1.639,1.469,1.37,
2021-01-15,1.642,1.667,1.631,1.634,1.466,1.365,
2021-01-14,1.631,1.686,1.625,1.674,1.461,1.36,
2021-01-13,1.656,1.668,1.609,1.619,1.456,1.355,
2021-01-12,1.702,1.716,1.668,1.671,1.451,1.35,
2021-01-11,1.664,1.69,1.644,1.685,1.444,1.345,
2021-01-08,1.643,1.684,1.623,1.67,1.436,1.34,
2021-01-07,1.623,1.657,1.618,1.642,1.43,1.336,
2021-01-06,1.566,1.618,1.565,1.604,1.425,1.331,
2021-01-05,1.468,1.509,1.462,1.498,1.422,1.326,
2021-01-04,1.455,1.485,1.431,1.448,1.42,1.321,
2020-12-31,1.458,1.469,1.434,1.442,1.418,1.317,
2020-12-30,1.472,1.478,1.451,1.454,1.416,1.312,
2020-12-29,1.481,1.487,1.459,1.47,1.413,1.307,
2020-12-28,1.491,1.497,1.45,1.454,1.409,1.302,
2020-12-24,1.468,1.475,1.448,1.458,1.405,1.298,
2020-12-23,1.447,1.516,1.447,1.477,1.402,1.293,
2020-12-22,1.462,1.466,1.441,1.445,1.399,1.288,
2020-12-21,1.433,1.488,1.433,1.469,1.397,1.283,
2020-12-18,1.462,1.494,1.454,1.489,1.395,1.279,
2020-12-17,1.459,1.484,1.419,1.474,1.391,1.274,
2020-12-16,1.481,1.492,1.44,1.451,1.389,1.27,
2020-12-15,1.429,1.457,1.424,1.442,1.385,1.265,
2020-12-14,1.466,1.468,1.414,1.422,1.381,1.262,
2020-12-11,1.406,1.427,1.394,1.421,1.377,1.258,
2020-12-10,1.452,1.473,1.42,1.425,1.372,1.255,
2020-12-09,1.485,1.501,1.458,1.475,1.367,1.252,
2020-12-08,1.473,1.473,1.435,1.458,1.361,1.248,
2020-12-07,1.488,1.496,1.471,1.474,1.356,1.244,
2020-12-04,1.454,1.539,1.435,1.526,1.35,1.241,
2020-12-03,1.473,1.481,1.439,1.448,1.344,1.236,
2020-12-02,1.463,1.514,1.463,1.481,1.339,1.233,
2020-12-01,1.383,1.473,1.383,1.46,1.334,1.229,
2020-11-30,1.374,1.376,1.355,1.36,1.329,1.226,
2020-11-27,1.38,1.388,1.357,1.361,1.327,1.224,
2020-11-25,1.4,1.416,1.372,1.412,1.324,1.222,
2020-11-24,1.377,1.406,1.368,1.402,1.32,1.22,
2020-11-23,1.352,1.366,1.345,1.353,1.315,1.218,
2020-11-20,1.342,1.362,1.318,1.327,1.313,1.216,
2020-11-19,1.384,1.388,1.342,1.344,1.311,1.214,
2020-11-18,1.373,1.416,1.364,1.384,1.309,1.212,
2020-11-17,1.397,1.405,1.381,1.383,1.306,1.21,
2020-11-16,1.443,1.443,1.415,1.433,1.301,1.209,
2020-11-13,1.406,1.425,1.395,1.421,1.296,1.207,
2020-11-12,1.466,1.471,1.407,1.41,1.291,1.205,
2020-11-10,1.51,1.529,1.493,1.516,1.288,1.203,
2020-11-09,1.464,1.531,1.459,1.482,1.283,1.2,
2020-11-06,1.322,1.386,1.32,1.371,1.279,1.198,
2020-11-05,1.292,1.331,1.277,1.297,1.276,1.198,
2020-11-04,1.323,1.332,1.278,1.31,1.274,1.197,
2020-11-03,1.421,1.456,1.419,1.456,1.27,1.197,
2020-11-02,1.405,1.411,1.374,1.388,1.264,1.194,
2020-10-30,1.361,1.432,1.356,1.428,1.259,1.193,
2020-10-29,1.321,1.398,1.314,1.369,1.254,1.192,
2020-10-28,1.304,1.338,1.293,1.322,1.249,1.193,
2020-10-27,1.345,1.347,1.316,1.319,1.247,1.194,
2020-10-26,1.361,1.373,1.341,1.359,1.244,1.195,
2020-10-23,1.442,1.451,1.398,1.406,1.241,1.194,
2020-10-22,1.371,1.445,1.366,1.437,1.236,1.193,
2020-10-21,1.384,1.395,1.36,1.395,1.229,1.19,
2020-10-20,1.348,1.368,1.336,1.353,1.222,1.188,
2020-10-19,1.325,1.336,1.307,1.326,1.215,1.187,
2020-10-16,1.279,1.315,1.264,1.298,1.208,1.185,
2020-10-15,1.235,1.289,1.227,1.286,1.202,1.184,
2020-10-14,1.26,1.281,1.255,1.277,1.195,1.183,
2020-10-13,1.298,1.3,1.275,1.28,1.19,1.182,
2020-10-09,1.338,1.369,1.323,1.336,1.183,,
2020-10-08,1.337,1.353,1.323,1.352,1.176,,
2020-10-07,1.352,1.367,1.319,1.355,1.17,,
2020-10-06,1.365,1.369,1.288,1.302,1.163,,
2020-10-05,1.285,1.353,1.285,1.353,1.158,,
2020-10-02,1.202,1.259,1.193,1.255,1.151,,
2020-10-01,1.252,1.266,1.211,1.224,1.146,,
2020-09-30,1.184,1.258,1.183,1.226,1.143,,
2020-09-29,1.182,1.192,1.17,1.186,1.14,,
2020-09-28,1.191,1.196,1.179,1.187,1.138,,
2020-09-25,1.172,1.187,1.168,1.177,1.136,,
2020-09-24,1.183,1.194,1.178,1.188,1.135,,
2020-09-23,1.21,1.229,1.198,1.2,1.133,,
2020-09-22,1.198,1.218,1.189,1.205,1.131,,
2020-09-21,1.177,1.211,1.171,1.2,1.128,,
2020-09-18,1.198,1.233,1.195,1.233,1.127,,
2020-09-17,1.187,1.222,1.171,1.221,1.124,,
2020-09-16,1.193,1.245,1.182,1.237,1.123,,
2020-09-15,1.211,1.222,1.201,1.211,1.121,,
2020-09-14,1.196,1.209,1.181,1.201,1.121,,
2020-09-11,1.231,1.236,1.196,1.2,1.12,,
2020-09-10,1.252,1.28,1.212,1.215,1.12,,
2020-09-09,1.216,1.253,1.203,1.247,1.119,,
2020-09-08,1.193,1.22,1.176,1.213,1.117,,
2020-09-04,1.16,1.26,1.16,1.258,1.116,,
2020-09-03,1.158,1.168,1.096,1.15,1.115,,
2020-09-02,1.203,1.214,1.15,1.157,1.116,,
2020-09-01,1.256,1.276,1.192,1.196,1.118,,
2020-08-31,1.287,1.287,1.224,1.242,1.118,,
2020-08-28,1.286,1.299,1.257,1.273,1.118,,
2020-08-27,1.187,1.292,1.152,1.29,1.117,,
2020-08-26,1.216,1.225,1.189,1.2,1.117,,
2020-08-25,1.196,1.21,1.168,1.181,1.12,,
2020-08-24,1.128,1.143,1.107,1.142,1.121,,
2020-08-21,1.128,1.16,1.121,1.122,1.123,,
2020-08-20,1.15,1.164,1.14,1.161,1.124,,
2020-08-19,1.123,1.186,1.119,1.173,1.127,,
2020-08-18,1.17,1.176,1.141,1.15,1.131,,
2020-08-17,1.177,1.193,1.158,1.185,1.136,,
2020-08-14,1.178,1.203,1.171,1.203,1.141,,
2020-08-13,1.142,1.207,1.136,1.194,1.145,,
2020-08-12,1.139,1.155,1.119,1.144,1.147,,
2020-08-11,1.07,1.123,1.069,1.099,1.149,,
2020-08-10,0.998,1.03,0.988,1.027,1.152,,
2020-08-07,0.964,1.012,0.957,1.006,1.155,,
2020-08-06,0.957,0.98,0.933,0.97,1.159,,
2020-08-05,0.991,1.006,0.981,0.994,1.163,,
2020-08-04,0.975,0.976,0.949,0.956,1.167,,
2020-08-03,1.011,1.024,0.992,1.005,1.171,,
2020-07-31,0.966,1.003,0.964,0.97,1.174,,
2020-07-30,0.987,0.99,0.965,0.983,,,
2020-07-29,1.01,1.033,0.999,1.016,,,
2020-07-28,1.037,1.037,0.999,1.002,,,
2020-07-27,1.009,1.049,1.001,1.049,,,
2020-07-24,1.025,1.044,1.011,1.02,,,
2020-07-23,1.051,1.054,1.011,1.014,,,
2020-07-22,1.062,1.07,1.044,1.068,,,
2020-07-21,1.089,1.095,1.067,1.079,,,
2020-07-20,1.083,1.098,1.072,1.086,,,
2020-07-17,1.075,1.108,1.07,1.104,,,
2020-07-16,1.084,1.091,1.067,1.087,,,
2020-07-15,1.128,1.133,1.091,1.107,,,
2020-07-14,1.086,1.092,1.057,1.091,,,
2020-07-13,1.133,1.14,1.083,1.086,,,
2020-07-10,1.027,1.114,1.027,1.115,,,
2020-07-09,1.152,1.157,1.073,1.09,,,
2020-07-08,1.158,1.178,1.145,1.168,,,
2020-07-07,1.182,1.197,1.135,1.144,,,
2020-07-06,1.222,1.238,1.199,1.203,,,
2020-07-02,1.19,1.235,1.181,1.19,,,
2020-07-01,1.2,1.224,1.18,1.188,,,
2020-06-30,1.131,1.19,1.129,1.176,,,
2020-06-29,1.153,1.164,1.138,1.141,,,
2020-06-26,1.174,1.174,1.137,1.143,,,
2020-06-25,1.171,1.204,1.166,1.202,,,
2020-06-24,1.261,1.263,1.19,1.195,,,
2020-06-23,1.26,1.263,1.234,1.252,,,
2020-06-22,1.209,1.235,1.19,1.231,,,
2020-06-19,1.276,1.287,1.217,1.224,,,
2020-06-18,1.244,1.249,1.223,1.246,,,
2020-06-17,1.317,1.327,1.277,1.292,,,
2020-06-16,1.306,1.349,1.268,1.317,,,
2020-06-15,1.181,1.247,1.181,1.248,,,
2020-06-12,1.225,1.244,1.196,1.238,,,
2020-06-11,1.237,1.239,1.175,1.188,,,
2020-06-10,1.345,1.346,1.282,1.286,,,
2020-06-09,1.366,1.369,1.328,1.358,,,
2020-06-08,1.472,1.481,1.409,1.424,,,
2020-06-05,1.455,1.533,1.436,1.451,,,
2020-06-04,1.307,1.403,1.291,1.4,,,
2020-06-03,1.264,1.328,1.264,1.296,,,
2020-06-02,1.243,1.245,1.217,1.242,,,
2020-06-01,1.204,1.236,1.204,1.213,,,
2020-05-29,1.182,1.213,1.163,1.178,,,
2020-05-28,1.21,1.235,1.204,1.209,,,
2020-05-27,1.216,1.22,1.168,1.197,,,
2020-05-26,1.159,1.201,1.159,1.2,,,
2020-05-22,1.123,1.149,1.116,1.123,,,
2020-05-21,1.167,1.168,1.138,1.154,,,