,Date,Close
0,2024-11-12,4.667
1,2024-11-08,4.581
2,2024-11-07,4.632
3,2024-11-06,4.714
4,2024-11-05,4.559
5,2024-11-04,4.584
6,2024-11-01,4.697
7,2024-10-31,4.591
8,2024-10-30,4.621
9,2024-10-29,4.597
10,2024-10-28,4.627
11,2024-10-25,4.588
12,2024-10-24,4.557
13,2024-10-23,4.597
14,2024-10-22,4.563
15,2024-10-21,4.562
16,2024-10-18,4.453
17,2024-10-17,4.453
18,2024-10-16,4.359
19,2024-10-15,4.38
20,2024-10-11,4.463
21,2024-10-10,4.418
22,2024-10-09,4.417
23,2024-10-08,4.362
24,2024-10-07,4.378
25,2024-10-04,4.32
26,2024-10-03,4.24
27,2024-10-02,4.189
28,2024-10-01,4.133
29,2024-09-30,4.176
30,2024-09-27,4.152
31,2024-09-26,4.184
32,2024-09-25,4.186
33,2024-09-24,4.128
34,2024-09-23,4.135
35,2024-09-20,4.127
36,2024-09-19,4.101
37,2024-09-18,4.088
38,2024-09-17,4.031
39,2024-09-16,3.998
40,2024-09-13,4.049
41,2024-09-12,4.067
42,2024-09-11,4.041
43,2024-09-10,4.034
44,2024-09-09,4.078
45,2024-09-06,4.093
46,2024-09-05,4.107
47,2024-09-04,4.138
48,2024-09-03,4.206
49,2024-08-30,4.286
50,2024-08-29,4.238
51,2024-08-28,4.218
52,2024-08-27,4.204
53,2024-08-26,4.192
54,2024-08-23,4.183
55,2024-08-22,4.22
56,2024-08-21,4.179
57,2024-08-20,4.176
58,2024-08-19,4.235
59,2024-08-16,4.249
60,2024-08-15,4.274
61,2024-08-14,4.217
62,2024-08-13,4.239
63,2024-08-12,4.293
64,2024-08-09,4.309
65,2024-08-08,4.37
66,2024-08-07,4.334
67,2024-08-06,4.273
68,2024-08-05,4.17
69,2024-08-02,4.181
70,2024-08-01,4.35
71,2024-07-31,4.387
72,2024-07-30,4.491
73,2024-07-29,4.518
74,2024-07-26,4.544
75,2024-07-25,4.579
76,2024-07-24,4.635
77,2024-07-23,4.578
78,2024-07-22,4.573
79,2024-07-19,4.553
80,2024-07-18,4.522
81,2024-07-17,4.476
82,2024-07-16,4.476
83,2024-07-15,4.556
84,2024-07-12,4.502
85,2024-07-11,4.518
86,2024-07-10,4.582
87,2024-07-09,4.591
88,2024-07-08,4.573
89,2024-07-05,4.581
90,2024-07-03,4.637
91,2024-07-02,4.714
92,2024-07-01,4.732
93,2024-06-28,4.661
94,2024-06-27,4.534
95,2024-06-26,4.57
96,2024-06-25,4.485
97,2024-06-24,4.471
98,2024-06-21,4.503
99,2024-06-20,4.504
100,2024-06-18,4.47
101,2024-06-17,4.523
102,2024-06-14,4.467
103,2024-06-13,4.497
104,2024-06-12,4.561
105,2024-06-11,4.629
106,2024-06-10,4.688
107,2024-06-07,4.645
108,2024-06-06,4.518
109,2024-06-05,4.509
110,2024-06-04,4.554
111,2024-06-03,4.615
112,2024-05-31,4.723
113,2024-05-30,4.762
114,2024-05-29,4.822
115,2024-05-28,4.757
116,2024-05-24,4.663
117,2024-05-23,4.678
118,2024-05-22,4.65
119,2024-05-21,4.653
120,2024-05-20,4.684
121,2024-05-17,4.663
122,2024-05-16,4.617
123,2024-05-15,4.596
124,2024-05-14,4.69
125,2024-05-13,4.73
126,2024-05-10,4.741
127,2024-05-09,4.706
128,2024-05-08,4.736
129,2024-05-07,4.699
130,2024-05-06,4.734
131,2024-05-03,4.759
132,2024-05-02,4.827
133,2024-05-01,4.861
134,2024-04-30,4.896
135,2024-04-29,4.844
136,2024-04-26,4.893
137,2024-04-25,4.934
138,2024-04-24,4.889
139,2024-04-23,4.845
140,2024-04-22,4.842
141,2024-04-19,4.841
142,2024-04-18,4.856
143,2024-04-17,4.824
144,2024-04-16,4.887
145,2024-04-15,4.839
146,2024-04-12,4.751
147,2024-04-11,4.802
148,2024-04-10,4.745
149,2024-04-09,4.596
150,2024-04-08,4.657
151,2024-04-05,4.661
152,2024-04-04,4.579
153,2024-04-03,4.612
154,2024-04-02,4.604
155,2024-04-01,4.554
156,2024-03-28,4.453
157,2024-03-27,4.447
158,2024-03-26,4.496
159,2024-03-25,4.505
160,2024-03-22,4.466
161,2024-03-21,4.528
162,2024-03-20,4.546
163,2024-03-19,4.548
164,2024-03-18,4.562
165,2024-03-15,4.55
166,2024-03-14,4.538
167,2024-03-13,4.444
168,2024-03-12,4.413
169,2024-03-11,4.36
170,2024-03-08,4.352
171,2024-03-07,4.345
172,2024-03-06,4.354
173,2024-03-05,4.415
174,2024-03-04,4.475
175,2024-03-01,4.454
176,2024-02-29,4.515
177,2024-02-28,4.538
178,2024-02-27,4.56
179,2024-02-26,4.53
180,2024-02-23,4.511
181,2024-02-22,4.577
182,2024-02-21,4.607
183,2024-02-20,4.567
184,2024-02-16,4.562
185,2024-02-15,4.527
186,2024-02-14,4.555
187,2024-02-13,4.59
188,2024-02-12,4.488
189,2024-02-09,4.479
190,2024-02-08,4.46
191,2024-02-07,4.426
192,2024-02-06,4.401
193,2024-02-05,4.45
194,2024-02-02,4.331
195,2024-02-01,4.217
196,2024-01-31,4.266
197,2024-01-30,4.367
198,2024-01-29,4.422
199,2024-01-26,4.483
200,2024-01-25,4.478
201,2024-01-24,4.524
202,2024-01-23,4.476
203,2024-01-22,4.444
204,2024-01-19,4.455
205,2024-01-18,4.491
206,2024-01-17,4.442
207,2024-01-16,4.41
208,2024-01-12,4.288
209,2024-01-11,4.302
210,2024-01-10,4.345
211,2024-01-09,4.326
212,2024-01-08,4.335
213,2024-01-05,4.356
214,2024-01-04,4.308
215,2024-01-03,4.224
216,2024-01-02,4.23
217,2023-12-29,4.193
218,2023-12-28,4.146
219,2023-12-27,4.106
220,2023-12-26,4.205
221,2023-12-22,4.212
222,2023-12-21,4.199
223,2023-12-20,4.157
224,2023-12-19,4.219
225,2023-12-18,4.22
226,2023-12-15,4.192
227,2023-12-14,4.205
228,2023-12-13,4.33
229,2023-12-12,4.481
230,2023-12-11,4.504
231,2023-12-08,4.486
232,2023-12-07,4.431
233,2023-12-06,4.384
234,2023-12-05,4.473
235,2023-12-04,4.585
236,2023-12-01,4.558
237,2023-11-30,4.678
238,2023-11-29,4.617
239,2023-11-28,4.684
240,2023-11-27,4.727
241,2023-11-24,4.798
242,2023-11-22,4.733
243,2023-11-21,4.733
244,2023-11-20,4.777
245,2023-11-17,4.798
246,2023-11-16,4.815
247,2023-11-15,4.891
248,2023-11-14,4.818
249,2023-11-13,4.967
250,2023-11-10,4.976
251,2023-11-09,4.963
252,2023-11-08,4.814
253,2023-11-07,4.907
254,2023-11-06,4.991
255,2023-11-03,4.943
256,2023-11-02,4.992
257,2023-11-01,5.106
258,2023-10-31,5.287
259,2023-10-30,5.244
260,2023-10-27,5.211
261,2023-10-26,5.188
262,2023-10-25,5.294
263,2023-10-24,5.154
264,2023-10-23,5.203
265,2023-10-20,5.288
266,2023-10-19,5.342
267,2023-10-18,5.237
268,2023-10-17,5.155
269,2023-10-16,5.07
270,2023-10-13,4.965
271,2023-10-12,5.055
272,2023-10-11,4.898
273,2023-10-10,5.033
274,2023-10-06,5.17
275,2023-10-05,5.079
276,2023-10-04,5.056
277,2023-10-03,5.121
278,2023-10-02,4.995
279,2023-09-29,4.899
280,2023-09-28,4.902
281,2023-09-27,4.917
282,2023-09-26,4.86
283,2023-09-25,4.834
284,2023-09-22,4.712
285,2023-09-21,4.771
286,2023-09-20,4.64
287,2023-09-19,4.613
288,2023-09-18,4.566
289,2023-09-15,4.603
290,2023-09-14,4.564
291,2023-09-13,4.528
292,2023-09-12,4.543
293,2023-09-11,4.565
294,2023-09-08,4.531
295,2023-09-07,4.529
296,2023-09-06,4.547
297,2023-09-05,4.56
298,2023-09-01,4.482
299,2023-08-31,4.406
300,2023-08-30,4.417
301,2023-08-29,4.421
302,2023-08-28,4.481
303,2023-08-25,4.495
304,2023-08-24,4.507
305,2023-08-23,4.483
306,2023-08-22,4.609
307,2023-08-21,4.64
308,2023-08-18,4.562
309,2023-08-17,4.573
310,2023-08-16,4.538
311,2023-08-15,4.5
312,2023-08-14,4.47
313,2023-08-11,4.447
314,2023-08-10,4.426
315,2023-08-09,4.335
316,2023-08-08,4.365
317,2023-08-07,4.426
318,2023-08-04,4.369
319,2023-08-03,4.474
320,2023-08-02,4.364
321,2023-08-01,4.297
322,2023-07-31,4.213
323,2023-07-28,4.215
324,2023-07-27,4.247
325,2023-07-26,4.133
326,2023-07-25,4.136
327,2023-07-24,4.125
328,2023-07-21,4.103
329,2023-07-20,4.108
330,2023-07-19,4.03
331,2023-07-18,4.076
332,2023-07-17,4.103
333,2023-07-14,4.117
334,2023-07-13,4.074
335,2023-07-12,4.137
336,2023-07-11,4.216
337,2023-07-10,4.239
338,2023-07-07,4.273
339,2023-07-06,4.236
340,2023-07-05,4.15
341,2023-07-03,4.079
342,2023-06-30,4.074
343,2023-06-29,4.105
344,2023-06-28,3.999
345,2023-06-27,4.04
346,2023-06-26,4.008
347,2023-06-23,4.013
348,2023-06-22,4.066
349,2023-06-21,3.994
350,2023-06-20,3.998
351,2023-06-16,4.045
352,2023-06-15,4.015
353,2023-06-14,4.07
354,2023-06-13,4.102
355,2023-06-12,4.052
356,2023-06-09,4.053
357,2023-06-08,4.051
358,2023-06-07,4.122
359,2023-06-06,4.003
360,2023-06-05,4.037
361,2023-06-02,4.043
362,2023-06-01,3.97
363,2023-05-31,4.019
364,2023-05-30,4.059
365,2023-05-26,4.141
366,2023-05-25,4.165
367,2023-05-24,4.129
368,2023-05-23,4.085
369,2023-05-22,4.098
370,2023-05-19,4.061
371,2023-05-18,4.032
372,2023-05-17,3.964
373,2023-05-16,3.951
374,2023-05-15,3.929
375,2023-05-12,3.88
376,2023-05-11,3.816
377,2023-05-10,3.871
378,2023-05-09,3.926
379,2023-05-08,3.913
380,2023-05-05,3.841
381,2023-05-04,3.806
382,2023-05-03,3.763
383,2023-05-02,3.815
384,2023-05-01,3.93
385,2023-04-28,3.801
386,2023-04-27,3.88
387,2023-04-26,3.818
388,2023-04-25,3.773
389,2023-04-24,3.836
390,2023-04-21,3.909
391,2023-04-20,3.867
392,2023-04-19,3.912
393,2023-04-18,3.901
394,2023-04-17,3.924
395,2023-04-14,3.85
396,2023-04-13,3.792
397,2023-04-12,3.738
398,2023-04-11,3.744
399,2023-04-10,3.744
400,2023-04-06,3.668
401,2023-04-05,3.682
402,2023-04-04,3.715
403,2023-04-03,3.768
404,2023-03-31,3.796
405,2023-03-30,3.877
406,2023-03-29,3.907
407,2023-03-28,3.915
408,2023-03-27,3.898
409,2023-03-24,3.773
410,2023-03-23,3.84
411,2023-03-22,3.802
412,2023-03-21,3.912
413,2023-03-20,3.844
414,2023-03-17,3.788
415,2023-03-16,3.863
416,2023-03-15,3.774
417,2023-03-14,3.947
418,2023-03-13,3.864
419,2023-03-10,3.907
420,2023-03-09,4.068
421,2023-03-08,4.125
422,2023-03-07,4.111
423,2023-03-06,4.125
424,2023-03-03,4.107
425,2023-03-02,4.223
426,2023-03-01,4.164
427,2023-02-28,4.11
428,2023-02-27,4.109
429,2023-02-24,4.119
430,2023-02-23,4.049
431,2023-02-22,4.081
432,2023-02-21,4.129
433,2023-02-17,4.013
434,2023-02-16,4.056
435,2023-02-15,3.989
436,2023-02-14,3.916
437,2023-02-13,3.907
438,2023-02-10,3.954
439,2023-02-09,3.882
440,2023-02-08,3.824
441,2023-02-07,3.87
442,2023-02-06,3.826
443,2023-02-03,3.754
444,2023-02-02,3.66
445,2023-02-01,3.686
446,2023-01-31,3.768
447,2023-01-30,3.781
448,2023-01-27,3.75
449,2023-01-26,3.768
450,2023-01-25,3.718
451,2023-01-24,3.724
452,2023-01-23,3.797
453,2023-01-20,3.775
454,2023-01-19,3.687
455,2023-01-18,3.661
456,2023-01-17,3.82
457,2023-01-13,3.78
458,2023-01-12,3.748
459,2023-01-11,3.839
460,2023-01-10,3.922
461,2023-01-09,3.828
462,2023-01-06,3.857
463,2023-01-05,3.969
464,2023-01-04,3.961
465,2023-01-03,4.015
466,2022-12-30,4.147
467,2022-12-29,4.073
468,2022-12-28,4.138
469,2022-12-27,4.102
470,2022-12-23,4.003
471,2022-12-22,3.931
472,2022-12-21,3.904
473,2022-12-20,3.94
474,2022-12-19,3.828
475,2022-12-16,3.741
476,2022-12-15,3.689
477,2022-12-14,3.734
478,2022-12-13,3.747
479,2022-12-12,3.814
480,2022-12-09,3.812
481,2022-12-08,3.687
482,2022-12-07,3.665
483,2022-12-06,3.781
484,2022-12-05,3.807
485,2022-12-02,3.767
486,2022-12-01,3.804
487,2022-11-30,3.931
488,2022-11-29,4.019
489,2022-11-28,3.952
490,2022-11-25,3.958
491,2022-11-23,3.972
492,2022-11-22,4.058
493,2022-11-21,4.132
494,2022-11-18,4.155
495,2022-11-17,4.099
496,2022-11-16,4.071
497,2022-11-15,4.19
498,2022-11-14,4.258
499,2022-11-10,4.234
500,2022-11-09,4.472
501,2022-11-08,4.49
502,2022-11-07,4.559
503,2022-11-04,4.501
504,2022-11-03,4.455
505,2022-11-02,4.426
506,2022-11-01,4.36
507,2022-10-31,4.406
508,2022-10-28,4.399
509,2022-10-27,4.32
510,2022-10-26,4.366
511,2022-10-25,4.479
512,2022-10-24,4.61
513,2022-10-21,4.583
514,2022-10-20,4.482
515,2022-10-19,4.397
516,2022-10-18,4.29
517,2022-10-17,4.296
518,2022-10-14,4.301
519,2022-10-13,4.234
520,2022-10-12,4.181
521,2022-10-11,4.225
522,2022-10-07,4.143
523,2022-10-06,4.083
524,2022-10-05,4.05
525,2022-10-04,3.979
526,2022-10-03,3.961
527,2022-09-30,4.091
528,2022-09-29,4.036
529,2022-09-28,3.999
530,2022-09-27,4.14
531,2022-09-26,4.061
532,2022-09-23,3.894
533,2022-09-22,3.912
534,2022-09-21,3.758
535,2022-09-20,3.828
536,2022-09-19,3.792
537,2022-09-16,3.785
538,2022-09-15,3.751
539,2022-09-14,3.728
540,2022-09-13,3.746
541,2022-09-12,3.753
542,2022-09-09,3.703
543,2022-09-08,3.721
544,2022-09-07,3.663
545,2022-09-06,3.759
546,2022-09-02,3.614
547,2022-09-01,3.641
548,2022-08-31,3.571
549,2022-08-30,3.492
550,2022-08-29,3.498
551,2022-08-26,3.434
552,2022-08-25,3.462
553,2022-08-24,3.551
554,2022-08-23,3.501
555,2022-08-22,3.475
556,2022-08-19,3.444
557,2022-08-18,3.357
558,2022-08-17,3.392
559,2022-08-16,3.3
560,2022-08-15,3.313
561,2022-08-12,3.329
562,2022-08-11,3.396
563,2022-08-10,3.272
564,2022-08-09,3.226
565,2022-08-08,3.214
566,2022-08-05,3.277
567,2022-08-04,3.156
568,2022-08-03,3.161
569,2022-08-02,3.215
570,2022-08-01,3.109
571,2022-07-29,3.218
572,2022-07-28,3.237
573,2022-07-27,3.3
574,2022-07-26,3.278
575,2022-07-25,3.264
576,2022-07-22,3.214
577,2022-07-21,3.303
578,2022-07-20,3.421
579,2022-07-19,3.433
580,2022-07-18,3.425
581,2022-07-15,3.327
582,2022-07-14,3.373
583,2022-07-13,3.396
584,2022-07-12,3.412
585,2022-07-11,3.422
586,2022-07-08,3.516
587,2022-07-07,3.451
588,2022-07-06,3.407
589,2022-07-05,3.319
590,2022-07-01,3.354
591,2022-06-30,3.437
592,2022-06-29,3.473
593,2022-06-28,3.541
594,2022-06-27,3.578
595,2022-06-24,3.519
596,2022-06-23,3.461
597,2022-06-22,3.502
598,2022-06-21,3.59
599,2022-06-17,3.533
600,2022-06-16,3.509
601,2022-06-15,3.59
602,2022-06-14,3.716
603,2022-06-13,3.622
604,2022-06-10,3.445
605,2022-06-09,3.396
606,2022-06-08,3.4
607,2022-06-07,3.347
608,2022-06-06,3.429
609,2022-06-03,3.309
610,2022-06-02,3.295
611,2022-06-01,3.283
612,2022-05-31,3.256
613,2022-05-27,3.157
614,2022-05-26,3.168
615,2022-05-25,3.159
616,2022-05-24,3.155
617,2022-05-23,3.253
618,2022-05-20,3.171
619,2022-05-19,3.236
620,2022-05-18,3.269
621,2022-05-17,3.386
622,2022-05-16,3.313
623,2022-05-13,3.316
624,2022-05-12,3.234
625,2022-05-11,3.266
626,2022-05-10,3.343
627,2022-05-09,3.382
628,2022-05-06,3.446
629,2022-05-05,3.348
630,2022-05-04,3.238
631,2022-05-03,3.223
632,2022-05-02,3.249
633,2022-04-29,3.21
634,2022-04-28,3.09
635,2022-04-27,3.117
636,2022-04-26,3.016
637,2022-04-25,3.083
638,2022-04-22,3.148
639,2022-04-21,3.133
640,2022-04-20,3.062
641,2022-04-19,3.191
642,2022-04-18,3.131
643,2022-04-14,3.096
644,2022-04-13,2.987
645,2022-04-12,2.994
646,2022-04-11,3.008
647,2022-04-08,2.914
648,2022-04-07,2.865
649,2022-04-06,2.808
650,2022-04-05,2.749
651,2022-04-04,2.618
652,2022-04-01,2.593
653,2022-03-31,2.603
654,2022-03-30,2.628
655,2022-03-29,2.661
656,2022-03-28,2.705
657,2022-03-25,2.743
658,2022-03-24,2.666
659,2022-03-23,2.613
660,2022-03-22,2.724
661,2022-03-21,2.644
662,2022-03-18,2.541
663,2022-03-17,2.581
664,2022-03-16,2.563
665,2022-03-15,2.566
666,2022-03-14,2.567
667,2022-03-11,2.445
668,2022-03-10,2.449
669,2022-03-09,2.413
670,2022-03-08,2.332
671,2022-03-07,2.288
672,2022-03-04,2.225
673,2022-03-03,2.304
674,2022-03-02,2.342
675,2022-03-01,2.197
676,2022-02-28,2.245
677,2022-02-25,2.357
678,2022-02-24,2.365
679,2022-02-23,2.371
680,2022-02-22,2.307
681,2022-02-18,2.303
682,2022-02-17,2.34
683,2022-02-16,2.411
684,2022-02-15,2.415
685,2022-02-14,2.352
686,2022-02-11,2.306
687,2022-02-10,2.383
688,2022-02-09,2.303
689,2022-02-08,2.32
690,2022-02-07,2.283
691,2022-02-04,2.276
692,2022-02-03,2.211
693,2022-02-02,2.163
694,2022-02-01,2.177
695,2022-01-31,2.177
696,2022-01-28,2.145
697,2022-01-27,2.163
698,2022-01-26,2.236
699,2022-01-25,2.172
700,2022-01-24,2.174
701,2022-01-21,2.141
702,2022-01-20,2.182
703,2022-01-19,2.24
704,2022-01-18,2.259
705,2022-01-14,2.186
706,2022-01-13,2.106
707,2022-01-12,2.143
708,2022-01-11,2.117
709,2022-01-10,2.138
710,2022-01-07,2.152
711,2022-01-06,2.11
712,2022-01-05,2.122
713,2022-01-04,2.093
714,2022-01-03,2.053
715,2021-12-31,1.935
716,2021-12-30,1.955
717,2021-12-29,1.999
718,2021-12-28,1.932
719,2021-12-27,1.921
720,2021-12-23,1.933
721,2021-12-22,1.88
722,2021-12-21,1.893
723,2021-12-20,1.892
724,2021-12-17,1.849
725,2021-12-16,1.887
726,2021-12-15,1.895
727,2021-12-14,1.869
728,2021-12-13,1.838
729,2021-12-10,1.914
730,2021-12-09,1.919
731,2021-12-08,1.95
732,2021-12-07,1.876
733,2021-12-06,1.857
734,2021-12-03,1.759
735,2021-12-02,1.847
736,2021-12-01,1.82
737,2021-11-30,1.862
738,2021-11-29,1.916
739,2021-11-26,1.88
740,2021-11-24,2.024
741,2021-11-23,2.078
742,2021-11-22,2.012
743,2021-11-19,1.943
744,2021-11-18,1.999
745,2021-11-17,2.024
746,2021-11-16,2.068
747,2021-11-15,2.033
748,2021-11-12,1.962
749,2021-11-10,1.954
750,2021-11-09,1.856
751,2021-11-08,1.9
752,2021-11-05,1.896
753,2021-11-04,1.97
754,2021-11-03,2.03
755,2021-11-02,1.969
756,2021-11-01,1.989
757,2021-10-29,1.974
758,2021-10-28,2.009
759,2021-10-27,1.939
760,2021-10-26,2.02
761,2021-10-25,2.06
762,2021-10-22,2.05
763,2021-10-21,2.123
764,2021-10-20,2.108
765,2021-10-19,2.066
766,2021-10-18,2.016
767,2021-10-15,2.008
768,2021-10-14,1.969
769,2021-10-13,1.987
770,2021-10-12,2.047
771,2021-10-08,2.113
772,2021-10-07,2.075
773,2021-10-06,2.024
774,2021-10-05,2.038
775,2021-10-04,1.988
776,2021-10-01,1.97
777,2021-09-30,1.99
778,2021-09-29,2.013
779,2021-09-28,2.037
780,2021-09-27,1.95
781,2021-09-24,1.928
782,2021-09-23,1.889
783,2021-09-22,1.756
784,2021-09-21,1.8
785,2021-09-20,1.796
786,2021-09-17,1.848
787,2021-09-16,1.827
788,2021-09-15,1.798
789,2021-09-14,1.789
790,2021-09-13,1.836
791,2021-09-10,1.861
792,2021-09-09,1.823
793,2021-09-08,1.88
794,2021-09-07,1.91
795,2021-09-03,1.864
796,2021-09-02,1.821
797,2021-09-01,1.834
798,2021-08-31,1.854
799,2021-08-30,1.822
800,2021-08-27,1.846
801,2021-08-26,1.877
802,2021-08-25,1.876
803,2021-08-24,1.836
804,2021-08-23,1.793
805,2021-08-20,1.79
806,2021-08-19,1.791
807,2021-08-18,1.795
808,2021-08-17,1.815
809,2021-08-16,1.825
810,2021-08-13,1.827
811,2021-08-12,1.905
812,2021-08-11,1.903
813,2021-08-10,1.906
814,2021-08-09,1.878
815,2021-08-06,1.852
816,2021-08-05,1.767
817,2021-08-04,1.741
818,2021-08-03,1.749
819,2021-08-02,1.754
820,2021-07-30,1.806
821,2021-07-29,1.839
822,2021-07-28,1.799
823,2021-07-27,1.812
824,2021-07-26,1.861
825,2021-07-23,1.836
826,2021-07-22,1.84
827,2021-07-21,1.86
828,2021-07-20,1.797
829,2021-07-19,1.744
830,2021-07-16,1.846
831,2021-07-15,1.844
832,2021-07-14,1.894
833,2021-07-13,1.969
834,2021-07-12,1.924
835,2021-07-09,1.911
836,2021-07-08,1.846
837,2021-07-07,1.862
838,2021-07-06,1.901
839,2021-07-02,1.977
840,2021-07-01,1.997
841,2021-06-30,2.02
842,2021-06-29,2.019
843,2021-06-28,2.029
844,2021-06-25,2.078
845,2021-06-24,2.032
846,2021-06-23,2.038
847,2021-06-22,2.019
848,2021-06-21,2.043
849,2021-06-18,1.963
850,2021-06-17,2.041
851,2021-06-16,2.141
852,2021-06-15,2.107
853,2021-06-14,2.108
854,2021-06-11,2.063
855,2021-06-10,2.046
856,2021-06-09,2.094
857,2021-06-08,2.138
858,2021-06-07,2.168
859,2021-06-04,2.149
860,2021-06-03,2.222
861,2021-06-02,2.196
862,2021-06-01,2.21
863,2021-05-28,2.198
864,2021-05-27,2.196
865,2021-05-26,2.169
866,2021-05-25,2.155
867,2021-05-24,2.207
868,2021-05-21,2.23
869,2021-05-20,2.246
870,2021-05-19,2.282
871,2021-05-18,2.264
872,2021-05-17,2.276
873,2021-05-14,2.236
874,2021-05-13,2.278
875,2021-05-12,2.292
876,2021-05-11,2.22
877,2021-05-10,2.196
878,2021-05-07,2.161
879,2021-05-06,2.134
880,2021-05-05,2.13
881,2021-05-04,2.149
882,2021-05-03,2.164
883,2021-04-30,2.18
884,2021-04-29,2.185
885,2021-04-28,2.175
886,2021-04-27,2.177
887,2021-04-26,2.125
888,2021-04-23,2.124
889,2021-04-22,2.11
890,2021-04-21,2.136
891,2021-04-20,2.142
892,2021-04-19,2.185
893,2021-04-16,2.155
894,2021-04-15,2.17
895,2021-04-14,2.214
896,2021-04-13,2.192
897,2021-04-12,2.227
898,2021-04-09,2.216
899,2021-04-08,2.191
900,2021-04-07,2.263
901,2021-04-06,2.233
902,2021-04-05,2.26
903,2021-04-01,2.233
904,2021-03-31,2.314
905,2021-03-30,2.279
906,2021-03-29,2.304
907,2021-03-26,2.283
908,2021-03-25,2.247
909,2021-03-24,2.202
910,2021-03-23,2.227
911,2021-03-22,2.303
912,2021-03-19,2.343
913,2021-03-18,2.356
914,2021-03-17,2.32
915,2021-03-16,2.29
916,2021-03-15,2.265
917,2021-03-12,2.292
918,2021-03-11,2.199
919,2021-03-10,2.143
920,2021-03-09,2.136
921,2021-03-08,2.205
922,2021-03-05,2.188
923,2021-03-04,2.197
924,2021-03-03,2.152
925,2021-03-02,2.064
926,2021-03-01,2.079
927,2021-02-26,2.046
928,2021-02-25,2.191
929,2021-02-24,2.065
930,2021-02-23,2.011
931,2021-02-22,2.014
932,2021-02-19,1.974
933,2021-02-18,1.922
934,2021-02-17,1.886
935,2021-02-16,1.924
936,2021-02-12,1.832
937,2021-02-11,1.772
938,2021-02-10,1.733
939,2021-02-09,1.771
940,2021-02-08,1.775
941,2021-02-05,1.781
942,2021-02-04,1.745
943,2021-02-03,1.734
944,2021-02-02,1.682
945,2021-02-01,1.665
946,2021-01-29,1.644
947,2021-01-28,1.617
948,2021-01-27,1.582
949,2021-01-26,1.6
950,2021-01-25,1.597
951,2021-01-22,1.653
952,2021-01-21,1.676
953,2021-01-20,1.633
954,2021-01-19,1.639
955,2021-01-15,1.634
956,2021-01-14,1.674
957,2021-01-13,1.619
958,2021-01-12,1.671
959,2021-01-11,1.685
960,2021-01-08,1.67
961,2021-01-07,1.642
962,2021-01-06,1.604
963,2021-01-05,1.498
964,2021-01-04,1.448
965,2020-12-31,1.442
966,2020-12-30,1.454
967,2020-12-29,1.47
968,2020-12-28,1.454
969,2020-12-24,1.458
970,2020-12-23,1.477
971,2020-12-22,1.445
972,2020-12-21,1.469
973,2020-12-18,1.489
974,2020-12-17,1.474
975,2020-12-16,1.451
976,2020-12-15,1.442
977,2020-12-14,1.422
978,2020-12-11,1.421
979,2020-12-10,1.425
980,2020-12-09,1.475
981,2020-12-08,1.458
982,2020-12-07,1.474
983,2020-12-04,1.526
984,2020-12-03,1.448
985,2020-12-02,1.481
986,2020-12-01,1.46
987,2020-11-30,1.36
988,2020-11-27,1.361
989,2020-11-25,1.412
990,2020-11-24,1.402
991,2020-11-23,1.353
992,2020-11-20,1.327
993,2020-11-19,1.344
994,2020-11-18,1.384
995,2020-11-17,1.383
996,2020-11-16,1.433
997,2020-11-13,1.421
998,2020-11-12,1.41
999,2020-11-10,1.516
1000,2020-11-09,1.482
1001,2020-11-06,1.371
1002,2020-11-05,1.297
1003,2020-11-04,1.31
1004,2020-11-03,1.456
1005,2020-11-02,1.388
1006,2020-10-30,1.428
1007,2020-10-29,1.369
1008,2020-10-28,1.322
1009,2020-10-27,1.319
1010,2020-10-26,1.359
1011,2020-10-23,1.406
1012,2020-10-22,1.437
1013,2020-10-21,1.395
1014,2020-10-20,1.353
1015,2020-10-19,1.326
1016,2020-10-16,1.298
1017,2020-10-15,1.286
1018,2020-10-14,1.277
1019,2020-10-13,1.28
1020,2020-10-09,1.336
1021,2020-10-08,1.352
1022,2020-10-07,1.355
1023,2020-10-06,1.302
1024,2020-10-05,1.353
1025,2020-10-02,1.255
1026,2020-10-01,1.224
1027,2020-09-30,1.226
1028,2020-09-29,1.186
1029,2020-09-28,1.187
1030,2020-09-25,1.177
1031,2020-09-24,1.188
1032,2020-09-23,1.2
1033,2020-09-22,1.205
1034,2020-09-21,1.2
1035,2020-09-18,1.233
1036,2020-09-17,1.221
1037,2020-09-16,1.237
1038,2020-09-15,1.211
1039,2020-09-14,1.201
1040,2020-09-11,1.2
1041,2020-09-10,1.215
1042,2020-09-09,1.247
1043,2020-09-08,1.213
1044,2020-09-04,1.258
1045,2020-09-03,1.15
1046,2020-09-02,1.157
1047,2020-09-01,1.196
1048,2020-08-31,1.242
1049,2020-08-28,1.273
1050,2020-08-27,1.29
1051,2020-08-26,1.2
1052,2020-08-25,1.181
1053,2020-08-24,1.142
1054,2020-08-21,1.122
1055,2020-08-20,1.161
1056,2020-08-19,1.173
1057,2020-08-18,1.15
1058,2020-08-17,1.185
1059,2020-08-14,1.203
1060,2020-08-13,1.194
1061,2020-08-12,1.144
1062,2020-08-11,1.099
1063,2020-08-10,1.027
1064,2020-08-07,1.006
1065,2020-08-06,0.97
1066,2020-08-05,0.994
1067,2020-08-04,0.956
1068,2020-08-03,1.005
1069,2020-07-31,0.97
1070,2020-07-30,0.983
1071,2020-07-29,1.016
1072,2020-07-28,1.002
1073,2020-07-27,1.049
1074,2020-07-24,1.02
1075,2020-07-23,1.014
1076,2020-07-22,1.068
1077,2020-07-21,1.079
1078,2020-07-20,1.086
1079,2020-07-17,1.104
1080,2020-07-16,1.087
1081,2020-07-15,1.107
1082,2020-07-14,1.091
1083,2020-07-13,1.086
1084,2020-07-10,1.115
1085,2020-07-09,1.09
1086,2020-07-08,1.168
1087,2020-07-07,1.144
1088,2020-07-06,1.203
1089,2020-07-02,1.19
1090,2020-07-01,1.188
1091,2020-06-30,1.176
1092,2020-06-29,1.141
1093,2020-06-26,1.143
1094,2020-06-25,1.202
1095,2020-06-24,1.195
1096,2020-06-23,1.252
1097,2020-06-22,1.231
1098,2020-06-19,1.224
1099,2020-06-18,1.246
1100,2020-06-17,1.292
1101,2020-06-16,1.317
1102,2020-06-15,1.248
1103,2020-06-12,1.238
1104,2020-06-11,1.188
1105,2020-06-10,1.286
1106,2020-06-09,1.358
1107,2020-06-08,1.424
1108,2020-06-05,1.451
1109,2020-06-04,1.4
1110,2020-06-03,1.296
1111,2020-06-02,1.242
1112,2020-06-01,1.213
1113,2020-05-29,1.178
1114,2020-05-28,1.209
1115,2020-05-27,1.197
1116,2020-05-26,1.2
1117,2020-05-22,1.123
1118,2020-05-21,1.154
