,Date,Adj Close
0,2010-01-05,5.7059783935546875
1,2010-01-06,5.7059783935546875
2,2010-01-07,5.69456672668457
3,2010-01-08,5.69456672668457
4,2010-01-11,5.72309684753418
5,2010-01-12,5.666037559509277
6,2010-01-13,5.69456672668457
7,2010-01-14,5.7116851806640625
8,2010-01-15,5.683154582977295
9,2010-01-19,5.734509468078613
10,2010-01-20,5.688860893249512
11,2010-01-21,5.643213748931885
12,2010-01-22,5.574740886688232
13,2010-01-25,5.574740886688232
14,2010-01-26,5.574740886688232
15,2010-01-27,5.563328742980957
16,2010-01-28,5.534799098968506
17,2010-01-29,5.540505886077881
18,2010-02-01,5.546211242675781
19,2010-02-02,5.557623386383057
20,2010-02-03,5.55191707611084
21,2010-02-04,5.5062689781188965
22,2010-02-05,5.460622310638428
23,2010-02-08,5.454916477203369
24,2010-02-09,5.460622310638428
25,2010-02-10,5.449210166931152
26,2010-02-11,5.472033500671387
27,2010-02-12,5.4948577880859375
28,2010-02-16,5.483444690704346
29,2010-02-17,5.523387432098389
30,2010-02-18,5.511974811553955
31,2010-02-19,5.500563621520996
32,2010-02-22,5.5062689781188965
33,2010-02-23,5.500563621520996
34,2010-02-24,5.4948577880859375
35,2010-02-25,5.460622310638428
36,2010-02-26,5.460622310638428
37,2010-03-01,5.460622310638428
38,2010-03-02,5.466328144073486
39,2010-03-03,5.47774076461792
40,2010-03-04,5.489150047302246
41,2010-03-05,5.5290937423706055
42,2010-03-08,5.534799098968506
43,2010-03-09,5.540505886077881
44,2010-03-10,5.546211242675781
45,2010-03-11,5.546211242675781
46,2010-03-12,5.557623386383057
47,2010-03-15,5.546211242675781
48,2010-03-16,5.569035530090332
49,2010-03-17,5.597565174102783
50,2010-03-18,5.58615255355835
51,2010-03-19,5.580447673797607
52,2010-03-22,5.591858386993408
53,2010-03-23,5.626094818115234
54,2010-03-24,5.591858386993408
55,2010-03-25,5.580447673797607
56,2010-03-26,5.574740886688232
57,2010-03-29,5.620389938354492
58,2010-03-30,5.631802082061768
59,2010-03-31,5.654624938964844
60,2010-04-01,5.69456672668457
61,2010-04-05,5.717391490936279
62,2010-04-06,5.734509468078613
63,2010-04-07,5.72309684753418
64,2010-04-08,5.72309684753418
65,2010-04-09,5.72309684753418
66,2010-04-12,5.700272083282471
67,2010-04-13,5.700272083282471
68,2010-04-14,5.745920658111572
69,2010-04-15,5.768744468688965
70,2010-04-16,5.7059783935546875
71,2010-04-19,5.677448749542236
72,2010-04-20,5.7288031578063965
73,2010-04-21,5.74021577835083
74,2010-04-22,5.7288031578063965
75,2010-04-23,5.74021577835083
76,2010-04-26,5.763039588928223
77,2010-04-27,5.7059783935546875
78,2010-04-28,5.683154582977295
79,2010-04-29,5.72309684753418
80,2010-04-30,5.744926929473877
81,2010-05-03,5.762162208557129
82,2010-05-04,5.698968410491943
83,2010-05-05,5.698968410491943
84,2010-05-06,5.601304531097412
85,2010-05-07,5.5266194343566895
86,2010-05-10,5.6644978523254395
87,2010-05-11,5.6644978523254395
88,2010-05-12,5.716202735900879
89,2010-05-13,5.727692604064941
90,2010-05-14,5.721946716308594
91,2010-05-17,5.687478065490723
92,2010-05-18,5.704713821411133
93,2010-05-19,5.641518592834473
94,2010-05-20,5.561089992523193
95,2010-05-21,5.561089992523193
96,2010-05-24,5.584070205688477
97,2010-05-25,5.589814186096191
98,2010-05-26,5.595559597015381
99,2010-05-27,5.561089992523193
100,2010-05-28,5.595559597015381
101,2010-06-01,5.60705041885376
102,2010-06-02,5.618539810180664
103,2010-06-03,5.612794399261475
104,2010-06-04,5.670244216918945
105,2010-06-07,5.67598819732666
106,2010-06-08,5.681734085083008
107,2010-06-09,5.6644978523254395
108,2010-06-10,5.630028247833252
109,2010-06-11,5.641518592834473
110,2010-06-14,5.601304531097412
111,2010-06-15,5.601304531097412
112,2010-06-16,5.601304531097412
113,2010-06-17,5.618539810180664
114,2010-06-18,5.618539810180664
115,2010-06-21,5.612794399261475
116,2010-06-22,5.630028247833252
117,2010-06-23,5.641518592834473
118,2010-06-24,5.624284267425537
119,2010-06-25,5.630028247833252
120,2010-06-28,5.670244216918945
121,2010-06-29,5.670244216918945
122,2010-06-30,5.630028247833252
123,2010-07-01,5.595559597015381
124,2010-07-02,5.578324794769287
125,2010-07-06,5.578324794769287
126,2010-07-07,5.555345058441162
127,2010-07-08,5.515130996704102
128,2010-07-09,5.520875453948975
129,2010-07-12,5.5438551902771
130,2010-07-13,5.532365322113037
131,2010-07-14,5.53810977935791
132,2010-07-15,5.53810977935791
133,2010-07-16,5.532365322113037
134,2010-07-19,5.515130996704102
135,2010-07-20,5.515130996704102
136,2010-07-21,5.532365322113037
137,2010-07-22,5.520875453948975
138,2010-07-23,5.497895240783691
139,2010-07-26,5.486405372619629
140,2010-07-27,5.474915504455566
141,2010-07-28,5.492150783538818
142,2010-07-29,5.486405372619629
143,2010-07-30,5.520875453948975
144,2010-08-02,5.532365322113037
145,2010-08-03,5.549599647521973
146,2010-08-04,5.561089992523193
147,2010-08-05,5.561089992523193
148,2010-08-06,5.561089992523193
149,2010-08-09,5.561089992523193
150,2010-08-10,5.549599647521973
151,2010-08-11,5.53810977935791
152,2010-08-12,5.53810977935791
153,2010-08-13,5.549599647521973
154,2010-08-16,5.584070205688477
155,2010-08-17,5.589814186096191
156,2010-08-18,5.589814186096191
157,2010-08-19,5.566834926605225
158,2010-08-20,5.566834926605225
159,2010-08-23,5.578324794769287
160,2010-08-24,5.561089992523193
161,2010-08-25,5.549599647521973
162,2010-08-26,5.561089992523193
163,2010-08-27,5.555345058441162
164,2010-08-30,5.572579383850098
165,2010-08-31,5.584070205688477
166,2010-09-01,5.601304531097412
167,2010-09-02,5.60705041885376
168,2010-09-03,5.612794399261475
169,2010-09-07,5.641518592834473
170,2010-09-08,5.647263526916504
171,2010-09-09,5.630028247833252
172,2010-09-10,5.601304531097412
173,2010-09-13,5.635773658752441
174,2010-09-14,5.67598819732666
175,2010-09-15,5.647263526916504
176,2010-09-16,5.630028247833252
177,2010-09-17,5.653008937835693
178,2010-09-20,5.687478065490723
179,2010-09-21,5.704713821411133
180,2010-09-22,5.716202735900879
181,2010-09-23,5.710457801818848
182,2010-09-24,5.762162208557129
183,2010-09-27,5.77365255355835
184,2010-09-28,5.7851409912109375
185,2010-09-29,5.779397964477539
186,2010-09-30,5.77365255355835
187,2010-10-01,5.756417751312256
188,2010-10-04,5.750672817230225
189,2010-10-05,5.808121681213379
190,2010-10-06,5.8311004638671875
191,2010-10-07,5.819611072540283
192,2010-10-08,5.894295692443848
193,2010-10-11,5.900040149688721
194,2010-10-12,5.905786037445068
195,2010-10-13,5.95174503326416
196,2010-10-14,5.963235378265381
197,2010-10-15,5.934510707855225
198,2010-10-18,5.928764343261719
199,2010-10-19,5.848336696624756
200,2010-10-20,5.911530017852783
201,2010-10-21,5.894295692443848
202,2010-10-22,5.900040149688721
203,2010-10-25,5.957489967346191
204,2010-10-26,5.911530017852783
205,2010-10-27,5.848336696624756
206,2010-10-28,5.877061367034912
207,2010-10-29,5.900040149688721
208,2010-11-01,5.934510707855225
209,2010-11-02,5.963235378265381
210,2010-11-03,5.96898078918457
211,2010-11-04,6.0838775634765625
212,2010-11-05,6.0838775634765625
213,2010-11-08,6.060898780822754
214,2010-11-09,6.0551533699035645
215,2010-11-10,6.0379180908203125
216,2010-11-11,6.014939308166504
217,2010-11-12,5.911530017852783
218,2010-11-15,5.905786037445068
219,2010-11-16,5.796632289886475
220,2010-11-17,5.796632289886475
221,2010-11-18,5.865571022033691
222,2010-11-19,5.842591762542725
223,2010-11-22,5.854080677032471
224,2010-11-23,5.802377223968506
225,2010-11-24,5.836845397949219
226,2010-11-26,5.790887355804443
227,2010-11-29,5.790887355804443
228,2010-11-30,5.7851409912109375
229,2010-12-01,5.854080677032471
230,2010-12-02,5.894295692443848
231,2010-12-03,5.911530017852783
232,2010-12-06,5.923019886016846
233,2010-12-07,5.917275428771973
234,2010-12-08,5.900040149688721
235,2010-12-09,5.900040149688721
236,2010-12-10,5.917275428771973
237,2010-12-13,5.940255165100098
238,2010-12-14,5.946000576019287
239,2010-12-15,5.934510707855225
240,2010-12-16,5.946000576019287
241,2010-12-17,5.9565839767456055
242,2010-12-20,5.968343257904053
243,2010-12-21,6.0095062255859375
244,2010-12-22,6.027146339416504
245,2010-12-23,6.027146339416504
246,2010-12-27,6.038905620574951
247,2010-12-28,6.056547164916992
248,2010-12-29,6.0683064460754395
249,2010-12-30,6.050666809082031
250,2010-12-31,6.056547164916992
251,2011-01-03,6.074187755584717
252,2011-01-04,6.050666809082031
253,2011-01-05,6.0683064460754395
254,2011-01-06,6.0683064460754395
255,2011-01-07,6.085947513580322
256,2011-01-10,6.0683064460754395
257,2011-01-11,6.085947513580322
258,2011-01-12,6.103588104248047
259,2011-01-13,6.033026695251465
260,2011-01-14,6.033026695251465
261,2011-01-18,6.04478645324707
262,2011-01-19,6.0095062255859375
263,2011-01-20,5.933063983917236
264,2011-01-21,5.933063983917236
265,2011-01-24,5.944822788238525
266,2011-01-25,5.897782325744629
267,2011-01-26,5.944822788238525
268,2011-01-27,5.9565839767456055
269,2011-01-28,5.921302318572998
270,2011-01-31,5.944822788238525
271,2011-02-01,6.0095062255859375
272,2011-02-02,6.021265506744385
273,2011-02-03,6.033026695251465
274,2011-02-04,6.038905620574951
275,2011-02-07,6.050666809082031
276,2011-02-08,6.050666809082031
277,2011-02-09,6.038905620574951
278,2011-02-10,6.033026695251465
279,2011-02-11,6.021265506744385
280,2011-02-14,6.050666809082031
281,2011-02-15,6.038905620574951
282,2011-02-16,6.062426567077637
283,2011-02-17,6.091826915740967
284,2011-02-18,6.085947513580322
285,2011-02-22,5.974224090576172
286,2011-02-23,5.962465286254883
287,2011-02-24,5.962465286254883
288,2011-02-25,6.01538610458374
289,2011-02-28,6.056547164916992
290,2011-03-01,6.038905620574951
291,2011-03-02,6.062426567077637
292,2011-03-03,6.0683064460754395
293,2011-03-04,6.074187755584717
294,2011-03-07,6.021265506744385
295,2011-03-08,6.01538610458374
296,2011-03-09,6.01538610458374
297,2011-03-10,5.938944339752197
298,2011-03-11,5.950704574584961
299,2011-03-14,5.938944339752197
300,2011-03-15,5.821341037750244
301,2011-03-16,5.7978196144104
302,2011-03-17,5.874261379241943
303,2011-03-18,5.874261379241943
304,2011-03-21,5.897782325744629
305,2011-03-22,5.886023044586182
306,2011-03-23,5.8801422119140625
307,2011-03-24,5.886023044586182
308,2011-03-25,5.850741863250732
309,2011-03-28,5.827220439910889
310,2011-03-29,5.8448615074157715
311,2011-03-30,5.868381500244141
312,2011-03-31,5.897782325744629
313,2011-04-01,5.933063983917236
314,2011-04-04,5.938944339752197
315,2011-04-05,5.9565839767456055
316,2011-04-06,5.997745513916016
317,2011-04-07,5.985984802246094
318,2011-04-08,6.038905620574951
319,2011-04-11,6.0095062255859375
320,2011-04-12,5.933063983917236
321,2011-04-13,5.9565839767456055
322,2011-04-14,5.9565839767456055
323,2011-04-15,5.962465286254883
324,2011-04-18,5.886023044586182
325,2011-04-19,5.921302318572998
326,2011-04-20,6.01538610458374
327,2011-04-21,6.033026695251465
328,2011-04-25,6.038905620574951
329,2011-04-26,6.0683064460754395
330,2011-04-27,6.103588104248047
331,2011-04-28,6.13886833190918
332,2011-04-29,6.15062952041626
333,2011-05-02,6.15062952041626
334,2011-05-03,6.121229648590088
335,2011-05-04,6.074187755584717
336,2011-05-05,5.933063983917236
337,2011-05-06,5.927184104919434
338,2011-05-09,5.9565839767456055
339,2011-05-10,5.980105400085449
340,2011-05-11,5.921302318572998
341,2011-05-12,5.921302318572998
342,2011-05-13,5.8801422119140625
343,2011-05-16,5.874261379241943
344,2011-05-17,5.868381500244141
345,2011-05-18,5.886023044586182
346,2011-05-19,5.909543514251709
347,2011-05-20,5.903663158416748
348,2011-05-23,5.856621265411377
349,2011-05-24,5.8801422119140625
350,2011-05-25,5.8801422119140625
351,2011-05-26,5.927184104919434
352,2011-05-27,5.962465286254883
353,2011-05-31,5.997745513916016
354,2011-06-01,5.974224090576172
355,2011-06-02,5.962465286254883
356,2011-06-03,5.962465286254883
357,2011-06-06,5.938944339752197
358,2011-06-07,5.944822788238525
359,2011-06-08,5.921302318572998
360,2011-06-09,5.927184104919434
361,2011-06-10,5.8801422119140625
362,2011-06-13,5.886023044586182
363,2011-06-14,5.8801422119140625
364,2011-06-15,5.833101749420166
365,2011-06-16,5.8448615074157715
366,2011-06-17,5.838982105255127
367,2011-06-20,5.827220439910889
368,2011-06-21,5.8448615074157715
369,2011-06-22,5.862501621246338
370,2011-06-23,5.862501621246338
371,2011-06-24,5.8448615074157715
372,2011-06-27,5.856621265411377
373,2011-06-28,5.833101749420166
374,2011-06-29,5.827220439910889
375,2011-06-30,5.827220439910889
376,2011-07-01,5.8448615074157715
377,2011-07-05,5.856621265411377
378,2011-07-06,5.862501621246338
379,2011-07-07,5.8801422119140625
380,2011-07-08,5.891902446746826
381,2011-07-11,5.8448615074157715
382,2011-07-12,5.803701400756836
383,2011-07-13,5.809580326080322
384,2011-07-14,5.7978196144104
385,2011-07-15,5.827220439910889
386,2011-07-18,5.809580326080322
387,2011-07-19,5.8448615074157715
388,2011-07-20,5.821341037750244
389,2011-07-21,5.815460681915283
390,2011-07-22,5.838982105255127
391,2011-07-25,5.833101749420166
392,2011-07-26,5.856621265411377
393,2011-07-27,5.827220439910889
394,2011-07-28,5.827220439910889
395,2011-07-29,5.868381500244141
396,2011-08-01,5.8801422119140625
397,2011-08-02,5.897782325744629
398,2011-08-03,5.886023044586182
399,2011-08-04,5.874261379241943
400,2011-08-05,5.874261379241943
401,2011-08-08,5.874261379241943
402,2011-08-09,5.903663158416748
403,2011-08-10,5.891902446746826
404,2011-08-11,5.897782325744629
405,2011-08-12,5.891902446746826
406,2011-08-15,5.862501621246338
407,2011-08-16,5.874261379241943
408,2011-08-17,5.8801422119140625
409,2011-08-18,5.927184104919434
410,2011-08-19,5.938944339752197
411,2011-08-22,5.927184104919434
412,2011-08-23,5.915424346923828
413,2011-08-24,5.903663158416748
414,2011-08-25,5.891902446746826
415,2011-08-26,5.927184104919434
416,2011-08-29,5.903663158416748
417,2011-08-30,5.915424346923828
418,2011-08-31,5.8801422119140625
419,2011-09-01,5.8801422119140625
420,2011-09-02,5.921302318572998
421,2011-09-06,5.933063983917236
422,2011-09-07,5.897782325744629
423,2011-09-08,5.897782325744629
424,2011-09-09,5.903663158416748
425,2011-09-12,5.897782325744629
426,2011-09-13,5.8801422119140625
427,2011-09-14,5.8448615074157715
428,2011-09-15,5.809580326080322
429,2011-09-16,5.809580326080322
430,2011-09-19,5.862501621246338
431,2011-09-20,5.856621265411377
432,2011-09-21,5.838982105255127
433,2011-09-22,5.909543514251709
434,2011-09-23,5.886023044586182
435,2011-09-26,5.874261379241943
436,2011-09-27,5.762538433074951
437,2011-09-28,5.791940689086914
438,2011-09-29,5.762538433074951
439,2011-09-30,5.821341037750244
440,2011-10-03,5.8801422119140625
441,2011-10-04,5.909543514251709
442,2011-10-05,5.856621265411377
443,2011-10-06,5.774299621582031
444,2011-10-07,5.750779628753662
445,2011-10-10,5.686097621917725
446,2011-10-11,5.66845703125
447,2011-10-12,5.621416091918945
448,2011-10-13,5.650816440582275
449,2011-10-14,5.60965633392334
450,2011-10-17,5.644937515258789
451,2011-10-18,5.674337387084961
452,2011-10-19,5.66845703125
453,2011-10-20,5.709619045257568
454,2011-10-21,5.680217266082764
455,2011-10-24,5.615536212921143
456,2011-10-25,5.644937515258789
457,2011-10-26,5.644937515258789
458,2011-10-27,5.544974327087402
459,2011-10-28,5.544974327087402
460,2011-10-31,5.544974327087402
461,2011-11-01,5.60965633392334
462,2011-11-02,5.597895622253418
463,2011-11-03,5.586134433746338
464,2011-11-04,5.580255508422852
465,2011-11-07,5.615536212921143
466,2011-11-08,5.60965633392334
467,2011-11-09,5.621416091918945
468,2011-11-10,5.621416091918945
469,2011-11-11,5.621416091918945
470,2011-11-14,5.633176326751709
471,2011-11-15,5.656696796417236
472,2011-11-16,5.656696796417236
473,2011-11-17,5.650816440582275
474,2011-11-18,5.639057159423828
475,2011-11-21,5.680217266082764
476,2011-11-22,5.6919779777526855
477,2011-11-23,5.733138561248779
478,2011-11-25,5.733138561248779
479,2011-11-28,5.674337387084961
480,2011-11-29,5.656696796417236
481,2011-11-30,5.60965633392334
482,2011-12-01,5.574374198913574
483,2011-12-02,5.56849479675293
484,2011-12-05,5.580255508422852
485,2011-12-06,5.586134433746338
486,2011-12-07,5.60965633392334
487,2011-12-08,5.621416091918945
488,2011-12-09,5.650816440582275
489,2011-12-12,5.680217266082764
490,2011-12-13,5.697857856750488
491,2011-12-14,5.750779628753662
492,2011-12-15,5.750779628753662
493,2011-12-16,5.735374450683594
494,2011-12-19,5.741299629211426
495,2011-12-20,5.699823379516602
496,2011-12-21,5.670199871063232
497,2011-12-22,5.658349990844727
498,2011-12-23,5.6524248123168945
499,2011-12-27,5.640574932098389
500,2011-12-28,5.6524248123168945
501,2011-12-29,5.670199871063232
502,2011-12-30,5.670199871063232
503,2012-01-03,5.640574932098389
504,2012-01-04,5.658349990844727
505,2012-01-05,5.6879754066467285
506,2012-01-06,5.693899154663086
507,2012-01-09,5.682049751281738
508,2012-01-10,5.6524248123168945
509,2012-01-11,5.676124572753906
510,2012-01-12,5.670199871063232
511,2012-01-13,5.699823379516602
512,2012-01-17,5.6879754066467285
513,2012-01-18,5.670199871063232
514,2012-01-19,5.622800350189209
515,2012-01-20,5.6168742179870605
516,2012-01-23,5.575400352478027
517,2012-01-24,5.545775413513184
518,2012-01-25,5.557624816894531
519,2012-01-26,5.587250232696533
520,2012-01-27,5.581324577331543
521,2012-01-30,5.610949993133545
522,2012-01-31,5.640574932098389
523,2012-02-01,5.646498680114746
524,2012-02-02,5.646498680114746
525,2012-02-03,5.634650707244873
526,2012-02-06,5.634650707244873
527,2012-02-07,5.605024337768555
528,2012-02-08,5.605024337768555
529,2012-02-09,5.599099636077881
530,2012-02-10,5.593174934387207
531,2012-02-13,5.610949993133545
532,2012-02-14,5.6168742179870605
533,2012-02-15,5.634650707244873
534,2012-02-16,5.628723621368408
535,2012-02-17,5.628723621368408
536,2012-02-21,5.622800350189209
537,2012-02-22,5.622800350189209
538,2012-02-23,5.640574932098389
539,2012-02-24,5.6642746925354
540,2012-02-27,5.670199871063232
541,2012-02-28,5.676124572753906
542,2012-02-29,5.682049751281738
543,2012-03-01,5.711674213409424
544,2012-03-02,5.723524570465088
545,2012-03-05,5.670199871063232
546,2012-03-06,5.605024337768555
547,2012-03-07,5.646498680114746
548,2012-03-08,5.6879754066467285
549,2012-03-09,5.699823379516602
550,2012-03-12,5.6879754066467285
551,2012-03-13,5.729449272155762
552,2012-03-14,5.670199871063232
553,2012-03-15,5.670199871063232
554,2012-03-16,5.682049751281738
555,2012-03-19,5.682049751281738
556,2012-03-20,5.6524248123168945
557,2012-03-21,5.640574932098389
558,2012-03-22,5.593174934387207
559,2012-03-23,5.610949993133545
560,2012-03-26,5.6524248123168945
561,2012-03-27,5.646498680114746
562,2012-03-28,5.622800350189209
563,2012-03-29,5.622800350189209
564,2012-03-30,5.628723621368408
565,2012-04-02,5.640574932098389
566,2012-04-03,5.640574932098389
567,2012-04-04,5.599099636077881
568,2012-04-05,5.605024337768555
569,2012-04-09,5.575400352478027
570,2012-04-10,5.528000354766846
571,2012-04-11,5.539850234985352
572,2012-04-12,5.557624816894531
573,2012-04-13,5.581324577331543
574,2012-04-16,5.569474697113037
575,2012-04-17,5.569474697113037
576,2012-04-18,5.581324577331543
577,2012-04-19,5.575400352478027
578,2012-04-20,5.569474697113037
579,2012-04-23,5.593174934387207
580,2012-04-24,5.587250232696533
581,2012-04-25,5.593174934387207
582,2012-04-26,5.593174934387207
583,2012-04-27,5.587250232696533
584,2012-04-30,5.587250232696533
585,2012-05-01,5.593174934387207
586,2012-05-02,5.622800350189209
587,2012-05-03,5.610949993133545
588,2012-05-04,5.6168742179870605
589,2012-05-07,5.610949993133545
590,2012-05-08,5.622800350189209
591,2012-05-09,5.646498680114746
592,2012-05-10,5.6524248123168945
593,2012-05-11,5.670199871063232
594,2012-05-14,5.729449272155762
595,2012-05-15,5.747223854064941
596,2012-05-16,5.764998912811279
597,2012-05-17,5.759074687957764
598,2012-05-18,5.764998912811279
599,2012-05-21,5.747223854064941
600,2012-05-22,5.753149032592773
601,2012-05-23,5.830173969268799
602,2012-05-24,5.818323135375977
603,2012-05-25,5.818323135375977
604,2012-05-29,5.806473255157471
605,2012-05-30,5.901273250579834
606,2012-05-31,5.924973011016846
607,2012-06-01,5.978298187255859
608,2012-06-04,5.960524082183838
609,2012-06-05,5.942748069763184
610,2012-06-06,5.8420233726501465
611,2012-06-07,5.812399387359619
612,2012-06-08,5.8420233726501465
613,2012-06-11,5.8420233726501465
614,2012-06-12,5.818323135375977
615,2012-06-13,5.806473255157471
616,2012-06-14,5.7946248054504395
617,2012-06-15,5.7946248054504395
618,2012-06-18,5.7946248054504395
619,2012-06-19,5.735374450683594
620,2012-06-20,5.723524570465088
621,2012-06-21,5.7946248054504395
622,2012-06-22,5.7946248054504395
623,2012-06-25,5.830173969268799
624,2012-06-26,5.824248313903809
625,2012-06-27,5.800549030303955
626,2012-06-28,5.818323135375977
627,2012-06-29,5.6642746925354
628,2012-07-02,5.682049751281738
629,2012-07-03,5.622800350189209
630,2012-07-05,5.693899154663086
631,2012-07-06,5.764998912811279
632,2012-07-09,5.753149032592773
633,2012-07-10,5.776848793029785
634,2012-07-11,5.7709245681762695
635,2012-07-12,5.818323135375977
636,2012-07-13,5.7946248054504395
637,2012-07-16,5.7946248054504395
638,2012-07-17,5.788698673248291
639,2012-07-18,5.830173969268799
640,2012-07-19,5.806473255157471
641,2012-07-20,5.87164831161499
642,2012-07-23,5.89534854888916
643,2012-07-24,5.913122653961182
644,2012-07-25,5.901273250579834
645,2012-07-26,5.830173969268799
646,2012-07-27,5.7709245681762695
647,2012-07-30,5.7946248054504395
648,2012-07-31,5.788698673248291
649,2012-08-01,5.788698673248291
650,2012-08-02,5.830173969268799
651,2012-08-03,5.759074687957764
652,2012-08-06,5.741299629211426
653,2012-08-07,5.699823379516602
654,2012-08-08,5.717598915100098
655,2012-08-09,5.747223854064941
656,2012-08-10,5.776848793029785
657,2012-08-13,5.741299629211426
658,2012-08-14,5.735374450683594
659,2012-08-15,5.753149032592773
660,2012-08-16,5.753149032592773
661,2012-08-17,5.753149032592773
662,2012-08-20,5.753149032592773
663,2012-08-21,5.735374450683594
664,2012-08-22,5.717598915100098
665,2012-08-23,5.6879754066467285
666,2012-08-24,5.699823379516602
667,2012-08-27,5.6879754066467285
668,2012-08-28,5.670199871063232
669,2012-08-29,5.670199871063232
670,2012-08-30,5.658349990844727
671,2012-08-31,5.670199871063232
672,2012-09-04,5.6524248123168945
673,2012-09-05,5.6168742179870605
674,2012-09-06,5.676124572753906
675,2012-09-07,5.693899154663086
676,2012-09-10,5.6524248123168945
677,2012-09-11,5.658349990844727
678,2012-09-12,5.6642746925354
679,2012-09-13,5.6879754066467285
680,2012-09-14,5.717598915100098
681,2012-09-17,5.670199871063232
682,2012-09-18,5.6642746925354
683,2012-09-19,5.658349990844727
684,2012-09-20,5.6524248123168945
685,2012-09-21,5.658349990844727
686,2012-09-24,5.628723621368408
687,2012-09-25,5.622800350189209
688,2012-09-26,5.581324577331543
689,2012-09-27,5.622800350189209
690,2012-09-28,5.628723621368408
691,2012-10-01,5.622800350189209
692,2012-10-02,5.610949993133545
693,2012-10-03,5.587250232696533
694,2012-10-04,5.628723621368408
695,2012-10-05,5.622800350189209
696,2012-10-08,5.605024337768555
697,2012-10-09,5.581324577331543
698,2012-10-10,5.56355094909668
699,2012-10-11,5.599099636077881
700,2012-10-12,5.581324577331543
701,2012-10-15,5.599099636077881
702,2012-10-16,5.605024337768555
703,2012-10-17,5.622800350189209
704,2012-10-18,5.6168742179870605
705,2012-10-19,5.569474697113037
706,2012-10-22,5.569474697113037
707,2012-10-23,5.528000354766846
708,2012-10-24,5.533924579620361
709,2012-10-25,5.557624816894531
710,2012-10-26,5.539850234985352
711,2012-10-31,5.569474697113037
712,2012-11-01,5.599099636077881
713,2012-11-02,5.587250232696533
714,2012-11-05,5.593174934387207
715,2012-11-06,5.6168742179870605
716,2012-11-07,5.581324577331543
717,2012-11-08,5.539850234985352
718,2012-11-09,5.539850234985352
719,2012-11-12,5.528000354766846
720,2012-11-13,5.51615047454834
721,2012-11-14,5.51615047454834
722,2012-11-15,5.528000354766846
723,2012-11-16,5.5220746994018555
724,2012-11-19,5.545775413513184
725,2012-11-20,5.545775413513184
726,2012-11-21,5.575400352478027
727,2012-11-23,5.6168742179870605
728,2012-11-26,5.605024337768555
729,2012-11-27,5.599099636077881
730,2012-11-28,5.610949993133545
731,2012-11-29,5.634650707244873
732,2012-11-30,5.6524248123168945
733,2012-12-03,5.628723621368408
734,2012-12-04,5.634650707244873
735,2012-12-05,5.670199871063232
736,2012-12-06,5.682049751281738
737,2012-12-07,5.682049751281738
738,2012-12-10,5.699823379516602
739,2012-12-11,5.723524570465088
740,2012-12-12,5.759074687957764
741,2012-12-13,5.759074687957764
742,2012-12-14,5.750117778778076
743,2012-12-17,5.74414587020874
744,2012-12-18,5.768030643463135
745,2012-12-19,5.779973030090332
746,2012-12-20,5.791914939880371
747,2012-12-21,5.738174915313721
748,2012-12-24,5.750117778778076
749,2012-12-26,5.7740020751953125
750,2012-12-27,5.803857326507568
751,2012-12-28,5.791914939880371
752,2012-12-31,5.839684009552002
753,2013-01-02,5.905365467071533
754,2013-01-03,5.893423080444336
755,2013-01-04,5.917306423187256
756,2013-01-07,5.9113359451293945
757,2013-01-08,5.881481170654297
758,2013-01-09,5.92327880859375
759,2013-01-10,5.9531331062316895
760,2013-01-11,5.9531331062316895
761,2013-01-14,5.96507453918457
762,2013-01-15,5.935220241546631
763,2013-01-16,5.9113359451293945
764,2013-01-17,5.9531331062316895
765,2013-01-18,5.947161674499512
766,2013-01-22,5.935220241546631
767,2013-01-23,5.935220241546631
768,2013-01-24,5.9829888343811035
769,2013-01-25,6.00090217590332
770,2013-01-28,5.9829888343811035
771,2013-01-29,6.018815040588379
772,2013-01-30,6.018815040588379
773,2013-01-31,6.030757427215576
774,2013-02-01,6.084495544433594
775,2013-02-04,6.018815040588379
776,2013-02-05,6.054642200469971
777,2013-02-06,6.048669815063477
778,2013-02-07,6.006873607635498
779,2013-02-08,6.006873607635498
780,2013-02-11,6.030757427215576
781,2013-02-12,6.048669815063477
782,2013-02-13,6.066582679748535
783,2013-02-14,6.054642200469971
784,2013-02-15,6.072554588317871
785,2013-02-19,6.1083807945251465
786,2013-02-20,6.072554588317871
787,2013-02-21,5.9829888343811035
788,2013-02-22,6.006873607635498
789,2013-02-25,5.9292497634887695
790,2013-02-26,5.887451171875
791,2013-02-27,5.9292497634887695
792,2013-02-28,5.959103584289551
793,2013-03-01,5.994930744171143
794,2013-03-04,5.9829888343811035
795,2013-03-05,6.024785995483398
796,2013-03-06,6.054642200469971
797,2013-03-07,6.060611248016357
798,2013-03-08,6.078525543212891
799,2013-03-11,6.1083807945251465
800,2013-03-12,6.096438884735107
801,2013-03-13,6.084495544433594
802,2013-03-14,6.072554588317871
803,2013-03-15,6.078525543212891
804,2013-03-18,6.054642200469971
805,2013-03-19,6.036726951599121
806,2013-03-20,6.066582679748535
807,2013-03-21,6.012842655181885
808,2013-03-22,6.00090217590332
809,2013-03-25,5.994930744171143
810,2013-03-26,6.030757427215576
811,2013-03-27,6.036726951599121
812,2013-03-28,6.012842655181885
813,2013-04-01,5.9531331062316895
814,2013-04-02,6.012842655181885
815,2013-04-03,5.96507453918457
816,2013-04-04,6.066582679748535
817,2013-04-05,6.09046745300293
818,2013-04-08,6.156148433685303
819,2013-04-09,6.132264137268066
820,2013-04-10,6.197946071624756
821,2013-04-11,6.233771800994873
822,2013-04-12,6.2457146644592285
823,2013-04-15,6.180033206939697
824,2013-04-16,6.22183084487915
825,2013-04-17,6.197946071624756
826,2013-04-18,6.180033206939697
827,2013-04-19,6.227800369262695
828,2013-04-22,6.22183084487915
829,2013-04-23,6.2457146644592285
830,2013-04-24,6.257656574249268
831,2013-04-25,6.227800369262695
832,2013-04-26,6.22183084487915
833,2013-04-29,6.251685619354248
834,2013-04-30,6.263627529144287
835,2013-05-01,6.275569438934326
836,2013-05-02,6.293482303619385
837,2013-05-03,6.269599437713623
838,2013-05-06,6.263627529144287
839,2013-05-07,6.2457146644592285
840,2013-05-08,6.263627529144287
841,2013-05-09,6.293482303619385
842,2013-05-10,6.263627529144287
843,2013-05-13,6.251685619354248
844,2013-05-14,6.275569438934326
845,2013-05-15,6.317367076873779
846,2013-05-16,6.317367076873779
847,2013-05-17,6.341250896453857
848,2013-05-20,6.323337554931641
849,2013-05-21,6.335279941558838
850,2013-05-22,6.329308986663818
851,2013-05-23,6.251685619354248
852,2013-05-24,6.22183084487915
853,2013-05-28,6.263627529144287
854,2013-05-29,6.1919755935668945
855,2013-05-30,6.168091297149658
856,2013-05-31,6.132264137268066
857,2013-06-03,6.078525543212891
858,2013-06-04,6.096438884735107
859,2013-06-05,6.042699337005615
860,2013-06-06,5.988959312438965
861,2013-06-07,6.042699337005615
862,2013-06-10,6.084495544433594
863,2013-06-11,6.048669815063477
864,2013-06-12,6.042699337005615
865,2013-06-13,6.024785995483398
866,2013-06-14,5.971045970916748
867,2013-06-17,6.006873607635498
868,2013-06-18,6.054642200469971
869,2013-06-19,6.048669815063477
870,2013-06-20,6.072554588317871
871,2013-06-21,6.036726951599121
872,2013-06-24,6.054642200469971
873,2013-06-25,6.036726951599121
874,2013-06-26,6.030757427215576
875,2013-06-27,6.036726951599121
876,2013-06-28,6.036726951599121
877,2013-07-01,6.036726951599121
878,2013-07-02,6.036726951599121
879,2013-07-03,6.054642200469971
880,2013-07-05,6.102409839630127
881,2013-07-08,6.084495544433594
882,2013-07-09,6.054642200469971
883,2013-07-10,6.078525543212891
884,2013-07-11,6.060611248016357
885,2013-07-12,6.078525543212891
886,2013-07-15,6.09046745300293
887,2013-07-16,6.054642200469971
888,2013-07-17,6.060611248016357
889,2013-07-18,6.078525543212891
890,2013-07-19,6.072554588317871
891,2013-07-22,6.030757427215576
892,2013-07-23,6.036726951599121
893,2013-07-24,6.09046745300293
894,2013-07-25,6.066582679748535
895,2013-07-26,6.048669815063477
896,2013-07-29,6.042699337005615
897,2013-07-30,6.060611248016357
898,2013-07-31,6.072554588317871
899,2013-08-01,6.144206523895264
900,2013-08-02,6.150177955627441
901,2013-08-05,6.138235569000244
902,2013-08-06,6.132264137268066
903,2013-08-07,6.102409839630127
904,2013-08-08,6.072554588317871
905,2013-08-09,6.054642200469971
906,2013-08-12,6.036726951599121
907,2013-08-13,6.102409839630127
908,2013-08-14,6.078525543212891
909,2013-08-15,6.066582679748535
910,2013-08-16,6.078525543212891
911,2013-08-19,6.072554588317871
912,2013-08-20,6.09046745300293
913,2013-08-21,6.102409839630127
914,2013-08-22,6.156148433685303
915,2013-08-23,6.138235569000244
916,2013-08-26,6.09046745300293
917,2013-08-27,6.066582679748535
918,2013-08-28,6.078525543212891
919,2013-08-29,6.066582679748535
920,2013-08-30,6.042699337005615
921,2013-09-03,6.072554588317871
922,2013-09-04,6.066582679748535
923,2013-09-05,6.120323181152344
924,2013-09-06,6.072554588317871
925,2013-09-09,6.066582679748535
926,2013-09-10,6.096438884735107
927,2013-09-11,6.072554588317871
928,2013-09-12,6.060611248016357
929,2013-09-13,6.078525543212891
930,2013-09-16,6.054642200469971
931,2013-09-17,6.054642200469971
932,2013-09-18,6.054642200469971
933,2013-09-19,6.048669815063477
934,2013-09-20,6.060611248016357
935,2013-09-23,6.012842655181885
936,2013-09-24,5.994930744171143
937,2013-09-25,5.971045970916748
938,2013-09-26,5.977017879486084
939,2013-09-27,5.96507453918457
940,2013-09-30,5.947161674499512
941,2013-10-01,5.96507453918457
942,2013-10-02,5.959103584289551
943,2013-10-03,5.9531331062316895
944,2013-10-04,5.947161674499512
945,2013-10-07,5.9113359451293945
946,2013-10-08,5.887451171875
947,2013-10-09,5.869537830352783
948,2013-10-10,5.9292497634887695
949,2013-10-11,5.959103584289551
950,2013-10-14,5.96507453918457
951,2013-10-15,5.9829888343811035
952,2013-10-16,6.006873607635498
953,2013-10-17,6.024785995483398
954,2013-10-18,6.024785995483398
955,2013-10-21,6.042699337005615
956,2013-10-22,6.072554588317871
957,2013-10-23,6.024785995483398
958,2013-10-24,6.036726951599121
959,2013-10-25,6.030757427215576
960,2013-10-28,6.042699337005615
961,2013-10-29,6.042699337005615
962,2013-10-30,6.042699337005615
963,2013-10-31,6.006873607635498
964,2013-11-01,5.988959312438965
965,2013-11-04,6.024785995483398
966,2013-11-05,6.006873607635498
967,2013-11-06,6.048669815063477
968,2013-11-07,6.00090217590332
969,2013-11-08,6.012842655181885
970,2013-11-11,6.036726951599121
971,2013-11-12,6.060611248016357
972,2013-11-13,6.054642200469971
973,2013-11-14,6.078525543212891
974,2013-11-15,6.096438884735107
975,2013-11-18,6.114351272583008
976,2013-11-19,6.1083807945251465
977,2013-11-20,6.078525543212891
978,2013-11-21,6.120323181152344
979,2013-11-22,6.138235569000244
980,2013-11-25,6.156148433685303
981,2013-11-26,6.150177955627441
982,2013-11-27,6.20391845703125
983,2013-11-29,6.22183084487915
984,2013-12-02,6.2457146644592285
985,2013-12-03,6.1919755935668945
986,2013-12-04,6.156148433685303
987,2013-12-05,6.132264137268066
988,2013-12-06,6.215859889984131
989,2013-12-09,6.2457146644592285
990,2013-12-10,6.197946071624756
991,2013-12-11,6.144206523895264
992,2013-12-12,6.186003684997559
993,2013-12-13,6.1621198654174805
994,2013-12-16,6.1740617752075195
995,2013-12-17,6.168091297149658
996,2013-12-18,6.257656574249268
997,2013-12-19,6.257656574249268
998,2013-12-20,6.273943901062012
999,2013-12-23,6.298074722290039
1000,2013-12-24,6.310140132904053
1001,2013-12-26,6.340303897857666
1002,2013-12-27,6.39459753036499
1003,2013-12-30,6.39459753036499
1004,2013-12-31,6.3885650634765625
1005,2014-01-02,6.33427095413208
1006,2014-01-03,6.298074722290039
1007,2014-01-06,6.2618794441223145
1008,2014-01-07,6.298074722290039
1009,2014-01-08,6.3523688316345215
1010,2014-01-09,6.358401298522949
1011,2014-01-10,6.292041778564453
1012,2014-01-13,6.219650745391846
1013,2014-01-14,6.310140132904053
1014,2014-01-15,6.358401298522949
1015,2014-01-16,6.34633731842041
1016,2014-01-17,6.340303897857666
1017,2014-01-21,6.36443567276001
1018,2014-01-22,6.40062952041626
1019,2014-01-23,6.3523688316345215
1020,2014-01-24,6.237749099731445
1021,2014-01-27,6.237749099731445
1022,2014-01-28,6.249814033508301
1023,2014-01-29,6.243782043457031
1024,2014-01-30,6.231716156005859
1025,2014-01-31,6.189487457275391
1026,2014-02-03,6.1050310134887695
1027,2014-02-04,6.074866771697998
1028,2014-02-05,6.038671970367432
1029,2014-02-06,6.050737380981445
1030,2014-02-07,6.074866771697998
1031,2014-02-10,6.062801837921143
1032,2014-02-11,6.056769371032715
1033,2014-02-12,6.038671970367432
1034,2014-02-13,6.086933135986328
1035,2014-02-14,6.062801837921143
1036,2014-02-18,6.062801837921143
1037,2014-02-19,6.080900192260742
1038,2014-02-20,6.074866771697998
1039,2014-02-21,6.098997592926025
1040,2014-02-24,6.0688347816467285
1041,2014-02-25,6.080900192260742
1042,2014-02-26,6.098997592926025
1043,2014-02-27,6.1050310134887695
1044,2014-02-28,6.117096424102783
1045,2014-03-03,6.044704437255859
1046,2014-03-04,6.098997592926025
1047,2014-03-05,6.074866771697998
1048,2014-03-06,6.092966556549072
1049,2014-03-07,6.1291608810424805
1050,2014-03-10,6.117096424102783
1051,2014-03-11,6.111063480377197
1052,2014-03-12,6.074866771697998
1053,2014-03-13,6.020573616027832
1054,2014-03-14,5.996443271636963
1055,2014-03-17,6.038671970367432
1056,2014-03-18,6.080900192260742
1057,2014-03-19,6.0688347816467285
1058,2014-03-20,6.056769371032715
1059,2014-03-21,6.020573616027832
1060,2014-03-24,6.008508205413818
1061,2014-03-25,6.008508205413818
1062,2014-03-26,5.978344917297363
1063,2014-03-27,5.966279983520508
1064,2014-03-28,5.978344917297363
1065,2014-03-31,6.002475738525391
1066,2014-04-01,6.020573616027832
1067,2014-04-02,5.996443271636963
1068,2014-04-03,5.996443271636963
1069,2014-04-04,5.954214572906494
1070,2014-04-07,5.918018817901611
1071,2014-04-08,5.905953407287598
1072,2014-04-09,5.954214572906494
1073,2014-04-10,5.924051284790039
1074,2014-04-11,5.89992094039917
1075,2014-04-14,5.893888473510742
1076,2014-04-15,5.924051284790039
1077,2014-04-16,5.960247039794922
1078,2014-04-17,5.966279983520508
1079,2014-04-21,5.966279983520508
1080,2014-04-22,5.984378337860107
1081,2014-04-23,5.960247039794922
1082,2014-04-24,5.954214572906494
1083,2014-04-25,5.930083751678467
1084,2014-04-28,5.936116695404053
1085,2014-04-29,5.966279983520508
1086,2014-04-30,5.978344917297363
1087,2014-05-01,5.954214572906494
1088,2014-05-02,5.960247039794922
1089,2014-05-05,5.954214572906494
1090,2014-05-06,5.948182106018066
1091,2014-05-07,5.948182106018066
1092,2014-05-08,5.936116695404053
1093,2014-05-09,5.924051284790039
1094,2014-05-12,5.936116695404053
1095,2014-05-13,5.948182106018066
1096,2014-05-14,5.930083751678467
1097,2014-05-15,5.89992094039917
1098,2014-05-16,5.905953407287598
1099,2014-05-19,5.918018817901611
1100,2014-05-20,5.89992094039917
1101,2014-05-21,5.942149639129639
1102,2014-05-22,5.948182106018066
1103,2014-05-23,5.960247039794922
1104,2014-05-27,5.978344917297363
1105,2014-05-28,5.972313404083252
1106,2014-05-29,5.978344917297363
1107,2014-05-30,5.996443271636963
1108,2014-06-02,5.99041223526001
1109,2014-06-03,5.960247039794922
1110,2014-06-04,5.942149639129639
1111,2014-06-05,5.996443271636963
1112,2014-06-06,5.996443271636963
1113,2014-06-09,6.02660608291626
1114,2014-06-10,6.020573616027832
1115,2014-06-11,6.0145416259765625
1116,2014-06-12,6.032639503479004
1117,2014-06-13,6.02660608291626
1118,2014-06-16,6.020573616027832
1119,2014-06-17,6.0145416259765625
1120,2014-06-18,6.038671970367432
1121,2014-06-19,6.050737380981445
1122,2014-06-20,6.044704437255859
1123,2014-06-23,6.02660608291626
1124,2014-06-24,6.020573616027832
1125,2014-06-25,6.032639503479004
1126,2014-06-26,6.044704437255859
1127,2014-06-27,6.038671970367432
1128,2014-06-30,6.056769371032715
1129,2014-07-01,6.098997592926025
1130,2014-07-02,6.098997592926025
1131,2014-07-03,6.135194301605225
1132,2014-07-07,6.1050310134887695
1133,2014-07-08,6.086933135986328
1134,2014-07-09,6.098997592926025
1135,2014-07-10,6.080900192260742
1136,2014-07-11,6.086933135986328
1137,2014-07-14,6.092966556549072
1138,2014-07-15,6.098997592926025
1139,2014-07-16,6.098997592926025
1140,2014-07-17,6.062801837921143
1141,2014-07-18,6.080900192260742
1142,2014-07-21,6.086933135986328
1143,2014-07-22,6.117096424102783
1144,2014-07-23,6.135194301605225
1145,2014-07-24,6.1050310134887695
1146,2014-07-25,6.080900192260742
1147,2014-07-28,6.080900192260742
1148,2014-07-29,6.098997592926025
1149,2014-07-30,6.086933135986328
1150,2014-07-31,6.032639503479004
1151,2014-08-01,5.996443271636963
1152,2014-08-04,6.002475738525391
1153,2014-08-05,5.996443271636963
1154,2014-08-06,5.966279983520508
1155,2014-08-07,5.954214572906494
1156,2014-08-08,5.960247039794922
1157,2014-08-11,5.954214572906494
1158,2014-08-12,5.978344917297363
1159,2014-08-13,5.984378337860107
1160,2014-08-14,6.0145416259765625
1161,2014-08-15,6.020573616027832
1162,2014-08-18,6.056769371032715
1163,2014-08-19,6.080900192260742
1164,2014-08-20,6.098997592926025
1165,2014-08-21,6.074866771697998
1166,2014-08-22,6.098997592926025
1167,2014-08-25,6.1291608810424805
1168,2014-08-26,6.135194301605225
1169,2014-08-27,6.147258758544922
1170,2014-08-28,6.141226291656494
1171,2014-08-29,6.171389579772949
1172,2014-09-02,6.2015533447265625
1173,2014-09-03,6.195520401000977
1174,2014-09-04,6.255846977233887
1175,2014-09-05,6.267912864685059
1176,2014-09-08,6.286010265350342
1177,2014-09-09,6.243782043457031
1178,2014-09-10,6.2618794441223145
1179,2014-09-11,6.2618794441223145
1180,2014-09-12,6.237749099731445
1181,2014-09-15,6.219650745391846
1182,2014-09-16,6.219650745391846
1183,2014-09-17,6.2618794441223145
1184,2014-09-18,6.286010265350342
1185,2014-09-19,6.340303897857666
1186,2014-09-22,6.33427095413208
1187,2014-09-23,6.310140132904053
1188,2014-09-24,6.34633731842041
1189,2014-09-25,6.304106712341309
1190,2014-09-26,6.358401298522949
1191,2014-09-29,6.322206020355225
1192,2014-09-30,6.382532596588135
1193,2014-10-01,6.3523688316345215
1194,2014-10-02,6.298074722290039
1195,2014-10-03,6.39459753036499
1196,2014-10-06,6.310140132904053
1197,2014-10-07,6.273943901062012
1198,2014-10-08,6.292041778564453
1199,2014-10-09,6.304106712341309
1200,2014-10-10,6.322206020355225
1201,2014-10-13,6.279977798461914
1202,2014-10-14,6.316173076629639
1203,2014-10-15,6.3523688316345215
1204,2014-10-16,6.310140132904053
1205,2014-10-17,6.292041778564453
1206,2014-10-20,6.298074722290039
1207,2014-10-21,6.267912864685059
1208,2014-10-22,6.286010265350342
1209,2014-10-23,6.255846977233887
1210,2014-10-24,6.267912864685059
1211,2014-10-27,6.273943901062012
1212,2014-10-28,6.249814033508301
1213,2014-10-29,6.225683212280273
1214,2014-10-30,6.267912864685059
1215,2014-10-31,6.316173076629639
1216,2014-11-03,6.36443567276001
1217,2014-11-04,6.412695407867432
1218,2014-11-05,6.424760818481445
1219,2014-11-06,6.460956573486328
1220,2014-11-07,6.412695407867432
1221,2014-11-10,6.442858695983887
1222,2014-11-11,6.436825752258301
1223,2014-11-12,6.448891639709473
1224,2014-11-13,6.503183841705322
1225,2014-11-14,6.485086441040039
1226,2014-11-17,6.515250205993652
1227,2014-11-18,6.52128267288208
1228,2014-11-19,6.545413017272949
1229,2014-11-20,6.545413017272949
1230,2014-11-21,6.563511371612549
1231,2014-11-24,6.58160924911499
1232,2014-11-25,6.599706649780273
1233,2014-11-26,6.611772060394287
1234,2014-11-28,6.7987847328186035
1235,2014-12-01,6.714327812194824
1236,2014-12-02,6.780686378479004
1237,2014-12-03,6.804817199707031
1238,2014-12-04,6.7987847328186035
1239,2014-12-05,6.865143775939941
1240,2014-12-08,6.8530778884887695
1241,2014-12-09,6.792750835418701
1242,2014-12-10,6.786718845367432
1243,2014-12-11,6.847045421600342
1244,2014-12-12,6.847045421600342
1245,2014-12-15,6.8289475440979
1246,2014-12-16,6.834980010986328
1247,2014-12-17,6.871175289154053
1248,2014-12-18,6.877208709716797
1249,2014-12-19,6.875890731811523
1250,2014-12-22,6.941814422607422
1251,2014-12-23,6.941814422607422
1252,2014-12-24,6.9549994468688965
1253,2014-12-26,6.974776268005371
1254,2014-12-29,7.020923137664795
1255,2014-12-30,6.968183994293213
1256,2014-12-31,7.0077385902404785
1257,2015-01-02,7.073662757873535
1258,2015-01-05,7.080255031585693
1259,2015-01-06,7.073662757873535
1260,2015-01-07,7.132993221282959
1261,2015-01-08,7.172548770904541
1262,2015-01-09,7.159363269805908
1263,2015-01-12,7.198918342590332
1264,2015-01-13,7.212103843688965
1265,2015-01-14,7.185732841491699
1266,2015-01-15,7.198918342590332
1267,2015-01-16,7.179141521453857
1268,2015-01-20,7.2252888679504395
1269,2015-01-21,7.185732841491699
1270,2015-01-22,7.2780280113220215
1271,2015-01-23,7.390099048614502
1272,2015-01-26,7.3637285232543945
1273,2015-01-27,7.3109893798828125
1274,2015-01-28,7.350544452667236
1275,2015-01-29,7.370322227478027
1276,2015-01-30,7.343952178955078
1277,2015-02-02,7.343952178955078
1278,2015-02-03,7.218695640563965
1279,2015-02-04,7.271434307098389
1280,2015-02-05,7.2252888679504395
1281,2015-02-06,7.212103843688965
1282,2015-02-09,7.159363269805908
1283,2015-02-10,7.185732841491699
1284,2015-02-11,7.212103843688965
1285,2015-02-12,7.20551061630249
1286,2015-02-13,7.198918342590332
1287,2015-02-17,7.146180152893066
1288,2015-02-18,7.185732841491699
1289,2015-02-19,7.2252888679504395
1290,2015-02-20,7.2252888679504395
1291,2015-02-23,7.29121208190918
1292,2015-02-24,7.284620761871338
1293,2015-02-25,7.264843463897705
1294,2015-02-26,7.324174880981445
1295,2015-02-27,7.284620761871338
1296,2015-03-02,7.317581653594971
1297,2015-03-03,7.264843463897705
1298,2015-03-04,7.3109893798828125
1299,2015-03-05,7.343952178955078
1300,2015-03-06,7.390099048614502
1301,2015-03-09,7.390099048614502
1302,2015-03-10,7.442838191986084
1303,2015-03-11,7.521945953369141
1304,2015-03-12,7.535132884979248
1305,2015-03-13,7.614241123199463
1306,2015-03-16,7.627425193786621
1307,2015-03-17,7.647202968597412
1308,2015-03-18,7.614241123199463
1309,2015-03-19,7.680164337158203
1310,2015-03-20,7.6076483726501465
1311,2015-03-23,7.515354156494141
1312,2015-03-24,7.561501502990723
1313,2015-03-25,7.508762836456299
1314,2015-03-26,7.462615489959717
1315,2015-03-27,7.521945953369141
1316,2015-03-30,7.574686050415039
1317,2015-03-31,7.6076483726501465
1318,2015-04-01,7.5812788009643555
1319,2015-04-02,7.5549092292785645
1320,2015-04-06,7.528539657592773
1321,2015-04-07,7.5812788009643555
1322,2015-04-08,7.640610694885254
1323,2015-04-09,7.706535339355469
1324,2015-04-10,7.74608850479126
1325,2015-04-13,7.779052257537842
1326,2015-04-14,7.74608850479126
1327,2015-04-15,7.732903957366943
1328,2015-04-16,7.666981220245361
1329,2015-04-17,7.6076483726501465
1330,2015-04-20,7.6603875160217285
1331,2015-04-21,7.666981220245361
1332,2015-04-22,7.6537957191467285
1333,2015-04-23,7.6076483726501465
1334,2015-04-24,7.634018421173096
1335,2015-04-27,7.640610694885254
1336,2015-04-28,7.5944647789001465
1337,2015-04-29,7.436246395111084
1338,2015-04-30,7.3637285232543945
1339,2015-05-01,7.370322227478027
1340,2015-05-04,7.376913070678711
1341,2015-05-05,7.297804832458496
1342,2015-05-06,7.218695640563965
1343,2015-05-07,7.2252888679504395
1344,2015-05-08,7.271434307098389
1345,2015-05-11,7.2780280113220215
1346,2015-05-12,7.2582502365112305
1347,2015-05-13,7.245065689086914
1348,2015-05-14,7.231880187988281
1349,2015-05-15,7.231880187988281
1350,2015-05-18,7.2252888679504395
1351,2015-05-19,7.284620761871338
1352,2015-05-20,7.3109893798828125
1353,2015-05-21,7.324174880981445
1354,2015-05-22,7.33735990524292
1355,2015-05-26,7.370322227478027
1356,2015-05-27,7.40987491607666
1357,2015-05-28,7.396691799163818
1358,2015-05-29,7.350544452667236
1359,2015-06-01,7.343952178955078
1360,2015-06-02,7.2582502365112305
1361,2015-06-03,7.2582502365112305
1362,2015-06-04,7.2384724617004395
1363,2015-06-05,7.2582502365112305
1364,2015-06-08,7.172548770904541
1365,2015-06-09,7.126402378082275
1366,2015-06-10,7.100033760070801
1367,2015-06-11,7.179141521453857
1368,2015-06-12,7.179141521453857
1369,2015-06-15,7.172548770904541
1370,2015-06-16,7.159363269805908
1371,2015-06-17,7.159363269805908
1372,2015-06-18,7.179141521453857
1373,2015-06-19,7.192326545715332
1374,2015-06-22,7.198918342590332
1375,2015-06-23,7.185732841491699
1376,2015-06-24,7.159363269805908
1377,2015-06-25,7.119810104370117
1378,2015-06-26,7.106625080108643
1379,2015-06-29,7.014332294464111
1380,2015-06-30,6.974776268005371
1381,2015-07-01,6.987961769104004
1382,2015-07-02,6.994553565979004
1383,2015-07-06,7.027515411376953
1384,2015-07-07,7.093440055847168
1385,2015-07-08,6.961592674255371
1386,2015-07-09,6.9352216720581055
1387,2015-07-10,6.9022603034973145
1388,2015-07-13,6.9022603034973145
1389,2015-07-14,6.915445327758789
1390,2015-07-15,6.9813690185546875
1391,2015-07-16,7.0077385902404785
1392,2015-07-17,7.034109115600586
1393,2015-07-20,7.0538859367370605
1394,2015-07-21,7.027515411376953
1395,2015-07-22,7.067070484161377
1396,2015-07-23,7.086847305297852
1397,2015-07-24,7.113215923309326
1398,2015-07-27,7.093440055847168
1399,2015-07-28,7.073662757873535
1400,2015-07-29,7.0604777336120605
1401,2015-07-30,7.086847305297852
1402,2015-07-31,7.126402378082275
1403,2015-08-03,7.198918342590332
1404,2015-08-04,7.165956974029541
1405,2015-08-05,7.185732841491699
1406,2015-08-06,7.185732841491699
1407,2015-08-07,7.185732841491699
1408,2015-08-10,7.119810104370117
1409,2015-08-11,7.185732841491699
1410,2015-08-12,7.119810104370117
1411,2015-08-13,7.132993221282959
1412,2015-08-14,7.132993221282959
1413,2015-08-17,7.165956974029541
1414,2015-08-18,7.179141521453857
1415,2015-08-19,7.2252888679504395
1416,2015-08-20,7.2252888679504395
1417,2015-08-21,7.2780280113220215
1418,2015-08-24,7.482393264770508
1419,2015-08-25,7.416468620300293
1420,2015-08-26,7.429652690887451
1421,2015-08-27,7.297804832458496
1422,2015-08-28,7.2252888679504395
1423,2015-08-31,7.231880187988281
1424,2015-09-01,7.3307671546936035
1425,2015-09-02,7.3043975830078125
1426,2015-09-03,7.29121208190918
1427,2015-09-04,7.390099048614502
1428,2015-09-08,7.3043975830078125
1429,2015-09-09,7.29121208190918
1430,2015-09-10,7.284620761871338
1431,2015-09-11,7.297804832458496
1432,2015-09-14,7.3043975830078125
1433,2015-09-15,7.2582502365112305
1434,2015-09-16,7.165956974029541
1435,2015-09-17,7.20551061630249
1436,2015-09-18,7.271434307098389
1437,2015-09-21,7.264843463897705
1438,2015-09-22,7.3637285232543945
1439,2015-09-23,7.396691799163818
1440,2015-09-24,7.403284072875977
1441,2015-09-25,7.350544452667236
1442,2015-09-28,7.449429988861084
1443,2015-09-29,7.462615489959717
1444,2015-09-30,7.40987491607666
1445,2015-10-01,7.40987491607666
1446,2015-10-02,7.396691799163818
1447,2015-10-05,7.3043975830078125
1448,2015-10-06,7.2384724617004395
1449,2015-10-07,7.192326545715332
1450,2015-10-08,7.165956974029541
1451,2015-10-09,7.126402378082275
1452,2015-10-12,7.152772903442383
1453,2015-10-13,7.198918342590332
1454,2015-10-14,7.231880187988281
1455,2015-10-15,7.185732841491699
1456,2015-10-16,7.179141521453857
1457,2015-10-19,7.198918342590332
1458,2015-10-20,7.165956974029541
1459,2015-10-21,7.212103843688965
1460,2015-10-22,7.212103843688965
1461,2015-10-23,7.192326545715332
1462,2015-10-26,7.218695640563965
1463,2015-10-27,7.2780280113220215
1464,2015-10-28,7.2252888679504395
1465,2015-10-29,7.185732841491699
1466,2015-10-30,7.159363269805908
1467,2015-11-02,7.139586448669434
1468,2015-11-03,7.086847305297852
1469,2015-11-04,7.106625080108643
1470,2015-11-05,7.119810104370117
1471,2015-11-06,7.106625080108643
1472,2015-11-09,7.119810104370117
1473,2015-11-10,7.152772903442383
1474,2015-11-11,7.146180152893066
1475,2015-11-12,7.146180152893066
1476,2015-11-13,7.179141521453857
1477,2015-11-16,7.198918342590332
1478,2015-11-17,7.218695640563965
1479,2015-11-18,7.231880187988281
1480,2015-11-19,7.20551061630249
1481,2015-11-20,7.231880187988281
1482,2015-11-23,7.2252888679504395
1483,2015-11-24,7.198918342590332
1484,2015-11-25,7.231880187988281
1485,2015-11-27,7.297804832458496
1486,2015-11-30,7.284620761871338
1487,2015-12-01,7.2780280113220215
1488,2015-12-02,7.317581653594971
1489,2015-12-03,7.067070484161377
1490,2015-12-04,7.0538859367370605
1491,2015-12-07,7.159363269805908
1492,2015-12-08,7.139586448669434
1493,2015-12-09,7.106625080108643
1494,2015-12-10,7.139586448669434
1495,2015-12-11,7.172548770904541
1496,2015-12-14,7.146180152893066
1497,2015-12-15,7.119810104370117
1498,2015-12-16,7.132993221282959
1499,2015-12-17,7.198918342590332
1500,2015-12-18,7.198918342590332
1501,2015-12-21,7.1518940925598145
1502,2015-12-22,7.1518940925598145
1503,2015-12-23,7.109784126281738
1504,2015-12-24,7.088728904724121
1505,2015-12-28,7.1308393478393555
1506,2015-12-29,7.102764129638672
1507,2015-12-30,7.1589131355285645
1508,2015-12-31,7.144876480102539
1509,2016-01-04,7.1518940925598145
1510,2016-01-05,7.179967880249023
1511,2016-01-06,7.222080230712891
1512,2016-01-07,7.222080230712891
1513,2016-01-08,7.257172584533691
1514,2016-01-11,7.334375858306885
1515,2016-01-12,7.341395378112793
1516,2016-01-13,7.348412990570068
1517,2016-01-14,7.355432033538818
1518,2016-01-15,7.4887847900390625
1519,2016-01-19,7.4536919593811035
1520,2016-01-20,7.551950931549072
1521,2016-01-21,7.4817657470703125
1522,2016-01-22,7.355432033538818
1523,2016-01-25,7.397542953491211
1524,2016-01-26,7.36245059967041
1525,2016-01-27,7.355432033538818
1526,2016-01-28,7.348412990570068
1527,2016-01-29,7.29226541519165
1528,2016-02-01,7.271209239959717
1529,2016-02-02,7.3835062980651855
1530,2016-02-03,7.376488208770752
1531,2016-02-04,7.355432033538818
1532,2016-02-05,7.397542953491211
1533,2016-02-08,7.4817657470703125
1534,2016-02-09,7.551950931549072
1535,2016-02-10,7.558970928192139
1536,2016-02-11,7.664247512817383
1537,2016-02-12,7.558970928192139
1538,2016-02-16,7.502821445465088
1539,2016-02-17,7.4256181716918945
1540,2016-02-18,7.44667387008667
1541,2016-02-19,7.474747657775879
1542,2016-02-22,7.4256181716918945
1543,2016-02-23,7.474747657775879
1544,2016-02-24,7.502821445465088
1545,2016-02-25,7.4817657470703125
1546,2016-02-26,7.439655780792236
1547,2016-02-29,7.4607110023498535
1548,2016-03-01,7.369468688964844
1549,2016-03-02,7.313320159912109
1550,2016-03-03,7.299283981323242
1551,2016-03-04,7.215060710906982
1552,2016-03-07,7.201024532318115
1553,2016-03-08,7.271209239959717
1554,2016-03-09,7.215060710906982
1555,2016-03-10,7.194005966186523
1556,2016-03-11,7.123819828033447
1557,2016-03-14,7.1308393478393555
1558,2016-03-15,7.172950744628906
1559,2016-03-16,7.1589131355285645
1560,2016-03-17,7.1518940925598145
1561,2016-03-18,7.1589131355285645
1562,2016-03-21,7.144876480102539
1563,2016-03-22,7.1378583908081055
1564,2016-03-23,7.172950744628906
1565,2016-03-24,7.165931701660156
1566,2016-03-28,7.144876480102539
1567,2016-03-29,7.165931701660156
1568,2016-03-30,7.144876480102539
1569,2016-03-31,7.172950744628906
1570,2016-04-01,7.229098320007324
1571,2016-04-04,7.243135452270508
1572,2016-04-05,7.320339679718018
1573,2016-04-06,7.306302070617676
1574,2016-04-07,7.355432033538818
1575,2016-04-08,7.313320159912109
1576,2016-04-11,7.29226541519165
1577,2016-04-12,7.229098320007324
1578,2016-04-13,7.165931701660156
1579,2016-04-14,7.1378583908081055
1580,2016-04-15,7.165931701660156
1581,2016-04-18,7.1589131355285645
1582,2016-04-19,7.0957465171813965
1583,2016-04-20,7.074691295623779
1584,2016-04-21,7.032580375671387
1585,2016-04-22,6.955376148223877
1586,2016-04-25,6.955376148223877
1587,2016-04-26,6.934318542480469
1588,2016-04-27,6.9483561515808105
1589,2016-04-28,7.053635597229004
1590,2016-04-29,7.109784126281738
1591,2016-05-02,7.116802215576172
1592,2016-05-03,7.116802215576172
1593,2016-05-04,7.0957465171813965
1594,2016-05-05,7.081708908081055
1595,2016-05-06,7.109784126281738
1596,2016-05-09,7.053635597229004
1597,2016-05-10,7.053635597229004
1598,2016-05-11,7.081708908081055
1599,2016-05-12,7.039597988128662
1600,2016-05-13,7.067671298980713
1601,2016-05-16,7.053635597229004
1602,2016-05-17,7.039597988128662
1603,2016-05-18,6.990468502044678
1604,2016-05-19,6.983449459075928
1605,2016-05-20,6.983449459075928
1606,2016-05-23,6.990468502044678
1607,2016-05-24,6.9623942375183105
1608,2016-05-25,6.955376148223877
1609,2016-05-26,6.9623942375183105
1610,2016-05-27,6.9483561515808105
1611,2016-05-31,6.91326379776001
1612,2016-06-01,6.9483561515808105
1613,2016-06-02,7.011523723602295
1614,2016-06-03,7.046616554260254
1615,2016-06-06,7.032580375671387
1616,2016-06-07,7.025561332702637
1617,2016-06-08,7.039597988128662
1618,2016-06-09,7.081708908081055
1619,2016-06-10,7.116802215576172
1620,2016-06-13,7.144876480102539
1621,2016-06-14,7.172950744628906
1622,2016-06-15,7.1589131355285645
1623,2016-06-16,7.243135452270508
1624,2016-06-17,7.208043575286865
1625,2016-06-20,7.109784126281738
1626,2016-06-21,7.032580375671387
1627,2016-06-22,7.025561332702637
1628,2016-06-23,6.927300930023193
1629,2016-06-24,7.285245895385742
1630,2016-06-27,7.36245059967041
1631,2016-06-28,7.341395378112793
1632,2016-06-29,7.313320159912109
1633,2016-06-30,7.299283981323242
1634,2016-07-01,7.334375858306885
1635,2016-07-05,7.411581516265869
1636,2016-07-06,7.432636260986328
1637,2016-07-07,7.432636260986328
1638,2016-07-08,7.4536919593811035
1639,2016-07-11,7.369468688964844
1640,2016-07-12,7.264191150665283
1641,2016-07-13,7.29226541519165
1642,2016-07-14,7.208043575286865
1643,2016-07-15,7.179967880249023
1644,2016-07-18,7.172950744628906
1645,2016-07-19,7.18698787689209
1646,2016-07-20,7.1378583908081055
1647,2016-07-21,7.165931701660156
1648,2016-07-22,7.172950744628906
1649,2016-07-25,7.165931701660156
1650,2016-07-26,7.201024532318115
1651,2016-07-27,7.229098320007324
1652,2016-07-28,7.257172584533691
1653,2016-07-29,7.327356815338135
1654,2016-08-01,7.334375858306885
1655,2016-08-02,7.334375858306885
1656,2016-08-03,7.29226541519165
1657,2016-08-04,7.327356815338135
1658,2016-08-05,7.306302070617676
1659,2016-08-08,7.278228282928467
1660,2016-08-09,7.306302070617676
1661,2016-08-10,7.341395378112793
1662,2016-08-11,7.285245895385742
1663,2016-08-12,7.278228282928467
1664,2016-08-15,7.264191150665283
1665,2016-08-16,7.243135452270508
1666,2016-08-17,7.215060710906982
1667,2016-08-18,7.229098320007324
1668,2016-08-19,7.18698787689209
1669,2016-08-22,7.201024532318115
1670,2016-08-23,7.215060710906982
1671,2016-08-24,7.18698787689209
1672,2016-08-25,7.172950744628906
1673,2016-08-26,7.1378583908081055
1674,2016-08-29,7.172950744628906
1675,2016-08-30,7.1378583908081055
1676,2016-08-31,7.123819828033447
1677,2016-09-01,7.1378583908081055
1678,2016-09-02,7.144876480102539
1679,2016-09-06,7.278228282928467
1680,2016-09-07,7.285245895385742
1681,2016-09-08,7.179967880249023
1682,2016-09-09,7.074691295623779
1683,2016-09-12,7.046616554260254
1684,2016-09-13,6.990468502044678
1685,2016-09-14,7.0185418128967285
1686,2016-09-15,7.039597988128662
1687,2016-09-16,7.053635597229004
1688,2016-09-19,7.102764129638672
1689,2016-09-20,7.1308393478393555
1690,2016-09-21,7.165931701660156
1691,2016-09-22,7.201024532318115
1692,2016-09-23,7.18698787689209
1693,2016-09-26,7.172950744628906
1694,2016-09-27,7.215060710906982
1695,2016-09-28,7.179967880249023
1696,2016-09-29,7.1308393478393555
1697,2016-09-30,7.109784126281738
1698,2016-10-03,7.102764129638672
1699,2016-10-04,7.039597988128662
1700,2016-10-05,6.983449459075928
1701,2016-10-06,6.976431369781494
1702,2016-10-07,6.990468502044678
1703,2016-10-10,6.9974870681762695
1704,2016-10-11,6.969412803649902
1705,2016-10-12,6.955376148223877
1706,2016-10-13,6.91326379776001
1707,2016-10-14,6.91326379776001
1708,2016-10-17,6.906245708465576
1709,2016-10-18,6.9483561515808105
1710,2016-10-19,6.976431369781494
1711,2016-10-20,6.955376148223877
1712,2016-10-21,6.955376148223877
1713,2016-10-24,6.969412803649902
1714,2016-10-25,6.976431369781494
1715,2016-10-26,6.91326379776001
1716,2016-10-27,6.892208576202393
1717,2016-10-28,6.878170967102051
1718,2016-10-31,6.857115745544434
1719,2016-11-01,6.843079090118408
1720,2016-11-02,6.815004348754883
1721,2016-11-03,6.815004348754883
1722,2016-11-04,6.793948650360107
1723,2016-11-07,6.815004348754883
1724,2016-11-08,6.807986259460449
1725,2016-11-09,6.751837253570557
1726,2016-11-10,6.702708721160889
1727,2016-11-11,6.639541149139404
1728,2016-11-14,6.639541149139404
1729,2016-11-15,6.604448318481445
1730,2016-11-16,6.58339262008667
1731,2016-11-17,6.58339262008667
1732,2016-11-18,6.576374053955078
1733,2016-11-21,6.569355487823486
1734,2016-11-22,6.58339262008667
1735,2016-11-23,6.590411186218262
1736,2016-11-25,6.6255035400390625
1737,2016-11-28,6.6255035400390625
1738,2016-11-29,6.604448318481445
1739,2016-11-30,6.555318832397461
1740,2016-12-01,6.541281700134277
1741,2016-12-02,6.534263610839844
1742,2016-12-05,6.534263610839844
1743,2016-12-06,6.527244567871094
1744,2016-12-07,6.541281700134277
1745,2016-12-08,6.590411186218262
1746,2016-12-09,6.6255035400390625
1747,2016-12-12,6.611466884613037
1748,2016-12-13,6.6255035400390625
1749,2016-12-14,6.604448318481445
1750,2016-12-15,6.611466884613037
1751,2016-12-16,6.597429275512695
1752,2016-12-19,6.576374053955078
1753,2016-12-20,6.591818332672119
1754,2016-12-21,6.5637383460998535
1755,2016-12-22,6.556717872619629
1756,2016-12-23,6.542677402496338
1757,2016-12-27,6.577777862548828
1758,2016-12-28,6.577777862548828
1759,2016-12-29,6.5637383460998535
1760,2016-12-30,6.542677402496338
1761,2017-01-03,6.5637383460998535
1762,2017-01-04,6.591818332672119
1763,2017-01-05,6.556717872619629
1764,2017-01-06,6.5847978591918945
1765,2017-01-09,6.5637383460998535
1766,2017-01-10,6.5637383460998535
1767,2017-01-11,6.591818332672119
1768,2017-01-12,6.598837852478027
1769,2017-01-13,6.605858325958252
1770,2017-01-17,6.577777862548828
1771,2017-01-18,6.577777862548828
1772,2017-01-19,6.591818332672119
1773,2017-01-20,6.5847978591918945
1774,2017-01-23,6.556717872619629
1775,2017-01-24,6.605858325958252
1776,2017-01-25,6.640958786010742
1777,2017-01-26,6.654997825622559
1778,2017-01-27,6.640958786010742
1779,2017-01-30,6.598837852478027
1780,2017-01-31,6.591818332672119
1781,2017-02-01,6.612878322601318
1782,2017-02-02,6.612878322601318
1783,2017-02-03,6.626917839050293
1784,2017-02-06,6.598837852478027
1785,2017-02-07,6.5847978591918945
1786,2017-02-08,6.577777862548828
1787,2017-02-09,6.605858325958252
1788,2017-02-10,6.662018775939941
1789,2017-02-13,6.676059246063232
1790,2017-02-14,6.704139232635498
1791,2017-02-15,6.753278732299805
1792,2017-02-16,6.704139232635498
1793,2017-02-17,6.690097808837891
1794,2017-02-21,6.732219219207764
1795,2017-02-22,6.725199222564697
1796,2017-02-23,6.732219219207764
1797,2017-02-24,6.697119235992432
1798,2017-02-27,6.690097808837891
1799,2017-02-28,6.662018775939941
1800,2017-03-01,6.718178749084473
1801,2017-03-02,6.64797830581665
1802,2017-03-03,6.619899272918701
1803,2017-03-06,6.612878322601318
1804,2017-03-07,6.626917839050293
1805,2017-03-08,6.5707573890686035
1806,2017-03-09,6.542677402496338
1807,2017-03-10,6.528637886047363
1808,2017-03-13,6.5637383460998535
1809,2017-03-14,6.5496978759765625
1810,2017-03-15,6.5637383460998535
1811,2017-03-16,6.577777862548828
1812,2017-03-17,6.5847978591918945
1813,2017-03-20,6.591818332672119
1814,2017-03-21,6.507577896118164
1815,2017-03-22,6.47949743270874
1816,2017-03-23,6.47949743270874
1817,2017-03-24,6.493537425994873
1818,2017-03-27,6.451417446136475
1819,2017-03-28,6.493537425994873
1820,2017-03-29,6.514597415924072
1821,2017-03-30,6.500557899475098
1822,2017-03-31,6.47949743270874
1823,2017-04-03,6.472477912902832
1824,2017-04-04,6.465456962585449
1825,2017-04-05,6.458437919616699
1826,2017-04-06,6.451417446136475
1827,2017-04-07,6.458437919616699
1828,2017-04-10,6.444397449493408
1829,2017-04-11,6.458437919616699
1830,2017-04-12,6.458437919616699
1831,2017-04-13,6.472477912902832
1832,2017-04-17,6.486517429351807
1833,2017-04-18,6.416317939758301
1834,2017-04-19,6.381217002868652
1835,2017-04-20,6.395257472991943
1836,2017-04-21,6.395257472991943
1837,2017-04-24,6.381217002868652
1838,2017-04-25,6.3531365394592285
1839,2017-04-26,6.360156536102295
1840,2017-04-27,6.360156536102295
1841,2017-04-28,6.3531365394592285
1842,2017-05-01,6.3320770263671875
1843,2017-05-02,6.360156536102295
1844,2017-05-03,6.3320770263671875
1845,2017-05-04,6.339096546173096
1846,2017-05-05,6.3320770263671875
1847,2017-05-08,6.325057029724121
1848,2017-05-09,6.318036079406738
1849,2017-05-10,6.31101655960083
1850,2017-05-11,6.325057029724121
1851,2017-05-12,6.3320770263671875
1852,2017-05-15,6.339096546173096
1853,2017-05-16,6.339096546173096
1854,2017-05-17,6.247836112976074
1855,2017-05-18,6.2337965965271
1856,2017-05-19,6.247836112976074
1857,2017-05-22,6.261876106262207
1858,2017-05-23,6.268896579742432
1859,2017-05-24,6.275916576385498
1860,2017-05-25,6.318036079406738
1861,2017-05-26,6.3039960861206055
1862,2017-05-30,6.3039960861206055
1863,2017-05-31,6.318036079406738
1864,2017-06-01,6.339096546173096
1865,2017-06-02,6.367176532745361
1866,2017-06-05,6.360156536102295
1867,2017-06-06,6.3531365394592285
1868,2017-06-07,6.346116542816162
1869,2017-06-08,6.339096546173096
1870,2017-06-09,6.346116542816162
1871,2017-06-12,6.325057029724121
1872,2017-06-13,6.318036079406738
1873,2017-06-14,6.3531365394592285
1874,2017-06-15,6.261876106262207
1875,2017-06-16,6.282935619354248
1876,2017-06-19,6.3039960861206055
1877,2017-06-20,6.31101655960083
1878,2017-06-21,6.318036079406738
1879,2017-06-22,6.318036079406738
1880,2017-06-23,6.318036079406738
1881,2017-06-26,6.360156536102295
1882,2017-06-27,6.289956569671631
1883,2017-06-28,6.282935619354248
1884,2017-06-29,6.2127366065979
1885,2017-06-30,6.177635669708252
1886,2017-07-03,6.177635669708252
1887,2017-07-05,6.191676139831543
1888,2017-07-06,6.170616149902344
1889,2017-07-07,6.2127366065979
1890,2017-07-10,6.205716609954834
1891,2017-07-11,6.205716609954834
1892,2017-07-12,6.2127366065979
1893,2017-07-13,6.226776123046875
1894,2017-07-14,6.219756126403809
1895,2017-07-17,6.219756126403809
1896,2017-07-18,6.191676139831543
1897,2017-07-19,6.184656620025635
1898,2017-07-20,6.2127366065979
1899,2017-07-21,6.177635669708252
1900,2017-07-24,6.177635669708252
1901,2017-07-25,6.219756126403809
1902,2017-07-26,6.2337965965271
1903,2017-07-27,6.198695659637451
1904,2017-07-28,6.177635669708252
1905,2017-07-31,6.184656620025635
1906,2017-08-01,6.170616149902344
1907,2017-08-02,6.184656620025635
1908,2017-08-03,6.156576156616211
1909,2017-08-04,6.170616149902344
1910,2017-08-07,6.170616149902344
1911,2017-08-08,6.163595676422119
1912,2017-08-09,6.10743522644043
1913,2017-08-10,6.044254779815674
1914,2017-08-11,6.030214786529541
1915,2017-08-14,6.05127477645874
1916,2017-08-15,6.0723347663879395
1917,2017-08-16,6.1214752197265625
1918,2017-08-17,6.05127477645874
1919,2017-08-18,6.0723347663879395
1920,2017-08-21,6.0723347663879395
1921,2017-08-22,6.10743522644043
1922,2017-08-23,6.128495216369629
1923,2017-08-24,6.135514736175537
1924,2017-08-25,6.177635669708252
1925,2017-08-28,6.177635669708252
1926,2017-08-29,6.184656620025635
1927,2017-08-30,6.184656620025635
1928,2017-08-31,6.226776123046875
1929,2017-09-01,6.247836112976074
1930,2017-09-05,6.184656620025635
1931,2017-09-06,6.205716609954834
1932,2017-09-07,6.254856109619141
1933,2017-09-08,6.2127366065979
1934,2017-09-11,6.2337965965271
1935,2017-09-12,6.226776123046875
1936,2017-09-13,6.205716609954834
1937,2017-09-14,6.205716609954834
1938,2017-09-15,6.2127366065979
1939,2017-09-18,6.226776123046875
1940,2017-09-19,6.247836112976074
1941,2017-09-20,6.247836112976074
1942,2017-09-21,6.240816116333008
1943,2017-09-22,6.2337965965271
1944,2017-09-25,6.205716609954834
1945,2017-09-26,6.184656620025635
1946,2017-09-27,6.170616149902344
1947,2017-09-28,6.177635669708252
1948,2017-09-29,6.177635669708252
1949,2017-10-02,6.170616149902344
1950,2017-10-03,6.205716609954834
1951,2017-10-04,6.2127366065979
1952,2017-10-05,6.2127366065979
1953,2017-10-06,6.191676139831543
1954,2017-10-09,6.205716609954834
1955,2017-10-10,6.240816116333008
1956,2017-10-11,6.268896579742432
1957,2017-10-12,6.254856109619141
1958,2017-10-13,6.261876106262207
1959,2017-10-16,6.289956569671631
1960,2017-10-17,6.275916576385498
1961,2017-10-18,6.3039960861206055
1962,2017-10-19,6.289956569671631
1963,2017-10-20,6.318036079406738
1964,2017-10-23,6.289956569671631
1965,2017-10-24,6.318036079406738
1966,2017-10-25,6.318036079406738
1967,2017-10-26,6.325057029724121
1968,2017-10-27,6.346116542816162
1969,2017-10-30,6.3320770263671875
1970,2017-10-31,6.367176532745361
1971,2017-11-01,6.402276992797852
1972,2017-11-02,6.374197006225586
1973,2017-11-03,6.388236999511719
1974,2017-11-06,6.409296989440918
1975,2017-11-07,6.409296989440918
1976,2017-11-08,6.402276992797852
1977,2017-11-09,6.381217002868652
1978,2017-11-10,6.367176532745361
1979,2017-11-13,6.374197006225586
1980,2017-11-14,6.360156536102295
1981,2017-11-15,6.325057029724121
1982,2017-11-16,6.360156536102295
1983,2017-11-17,6.381217002868652
1984,2017-11-20,6.395257472991943
1985,2017-11-21,6.444397449493408
1986,2017-11-22,6.423336505889893
1987,2017-11-24,6.465456962585449
1988,2017-11-27,6.416317939758301
1989,2017-11-28,6.4373779296875
1990,2017-11-29,6.416317939758301
1991,2017-11-30,6.458437919616699
1992,2017-12-01,6.458437919616699
1993,2017-12-04,6.444397449493408
1994,2017-12-05,6.416317939758301
1995,2017-12-06,6.3531365394592285
1996,2017-12-07,6.423336505889893
1997,2017-12-08,6.451417446136475
1998,2017-12-11,6.472477912902832
1999,2017-12-12,6.4373779296875
2000,2017-12-13,6.402276992797852
2001,2017-12-14,6.402276992797852
2002,2017-12-15,6.423336505889893
2003,2017-12-18,6.451417446136475
2004,2017-12-19,6.444397449493408
2005,2017-12-20,6.444397449493408
2006,2017-12-21,6.451417446136475
2007,2017-12-22,6.451417446136475
2008,2017-12-26,6.493537425994873
2009,2017-12-27,6.47949743270874
2010,2017-12-28,6.47949743270874
2011,2017-12-29,6.47949743270874
2012,2018-01-02,6.47949743270874
2013,2018-01-03,6.528637886047363
2014,2018-01-04,6.577777862548828
2015,2018-01-05,6.591818332672119
2016,2018-01-08,6.5847978591918945
2017,2018-01-09,6.577777862548828
2018,2018-01-10,6.556717872619629
2019,2018-01-11,6.577777862548828
2020,2018-01-12,6.654997825622559
2021,2018-01-16,6.66903829574585
2022,2018-01-17,6.683079719543457
2023,2018-01-18,6.683079719543457
2024,2018-01-19,6.697119235992432
2025,2018-01-22,6.732219219207764
2026,2018-01-23,6.746258735656738
2027,2018-01-24,6.8024187088012695
2028,2018-01-25,6.788380146026611
2029,2018-01-26,6.823479652404785
2030,2018-01-29,6.767319202423096
2031,2018-01-30,6.690097808837891
2032,2018-01-31,6.732219219207764
2033,2018-02-01,6.78135871887207
2034,2018-02-02,6.676059246063232
2035,2018-02-05,6.500557899475098
2036,2018-02-06,6.4373779296875
2037,2018-02-07,6.360156536102295
2038,2018-02-08,6.296976089477539
2039,2018-02-09,6.226776123046875
2040,2018-02-12,6.275916576385498
2041,2018-02-13,6.289956569671631
2042,2018-02-14,6.423336505889893
2043,2018-02-15,6.465456962585449
2044,2018-02-16,6.451417446136475
2045,2018-02-20,6.409296989440918
2046,2018-02-21,6.416317939758301
2047,2018-02-22,6.423336505889893
2048,2018-02-23,6.423336505889893
2049,2018-02-26,6.4373779296875
2050,2018-02-27,6.409296989440918
2051,2018-02-28,6.339096546173096
2052,2018-03-01,6.282935619354248
2053,2018-03-02,6.325057029724121
2054,2018-03-05,6.346116542816162
2055,2018-03-06,6.381217002868652
2056,2018-03-07,6.3531365394592285
2057,2018-03-08,6.31101655960083
2058,2018-03-09,6.360156536102295
2059,2018-03-12,6.3531365394592285
2060,2018-03-13,6.360156536102295
2061,2018-03-14,6.3320770263671875
2062,2018-03-15,6.325057029724121
2063,2018-03-16,6.339096546173096
2064,2018-03-19,6.318036079406738
2065,2018-03-20,6.339096546173096
2066,2018-03-21,6.395257472991943
2067,2018-03-22,6.339096546173096
2068,2018-03-23,6.3531365394592285
2069,2018-03-26,6.395257472991943
2070,2018-03-27,6.339096546173096
2071,2018-03-28,6.268896579742432
2072,2018-03-29,6.275916576385498
2073,2018-04-02,6.254856109619141
2074,2018-04-03,6.268896579742432
2075,2018-04-04,6.261876106262207
2076,2018-04-05,6.2337965965271
2077,2018-04-06,6.219756126403809
2078,2018-04-09,6.254856109619141
2079,2018-04-10,6.296976089477539
2080,2018-04-11,6.339096546173096
2081,2018-04-12,6.339096546173096
2082,2018-04-13,6.346116542816162
2083,2018-04-16,6.339096546173096
2084,2018-04-17,6.325057029724121
2085,2018-04-18,6.346116542816162
2086,2018-04-19,6.346116542816162
2087,2018-04-20,6.318036079406738
2088,2018-04-23,6.296976089477539
2089,2018-04-24,6.289956569671631
2090,2018-04-25,6.289956569671631
2091,2018-04-26,6.275916576385498
2092,2018-04-27,6.247836112976074
2093,2018-04-30,6.2337965965271
2094,2018-05-01,6.205716609954834
2095,2018-05-02,6.198695659637451
2096,2018-05-03,6.191676139831543
2097,2018-05-04,6.198695659637451
2098,2018-05-07,6.219756126403809
2099,2018-05-08,6.205716609954834
2100,2018-05-09,6.254856109619141
2101,2018-05-10,6.247836112976074
2102,2018-05-11,6.247836112976074
2103,2018-05-14,6.261876106262207
2104,2018-05-15,6.3039960861206055
2105,2018-05-16,6.31101655960083
2106,2018-05-17,6.325057029724121
2107,2018-05-18,6.296976089477539
2108,2018-05-21,6.318036079406738
2109,2018-05-22,6.325057029724121
2110,2018-05-23,6.254856109619141
2111,2018-05-24,6.2337965965271
2112,2018-05-25,6.184656620025635
2113,2018-05-29,6.05127477645874
2114,2018-05-30,6.093395233154297
2115,2018-05-31,6.0723347663879395
2116,2018-06-01,6.114455223083496
2117,2018-06-04,6.114455223083496
2118,2018-06-05,6.1214752197265625
2119,2018-06-06,6.093395233154297
2120,2018-06-07,6.0723347663879395
2121,2018-06-08,6.093395233154297
2122,2018-06-11,6.0723347663879395
2123,2018-06-12,6.079355239868164
2124,2018-06-13,6.100415229797363
2125,2018-06-14,6.142535209655762
2126,2018-06-15,6.093395233154297
2127,2018-06-18,6.100415229797363
2128,2018-06-19,6.0863752365112305
2129,2018-06-20,6.10743522644043
2130,2018-06-21,6.079355239868164
2131,2018-06-22,6.100415229797363
2132,2018-06-25,6.030214786529541
2133,2018-06-26,6.0723347663879395
2134,2018-06-27,6.100415229797363
2135,2018-06-28,6.114455223083496
2136,2018-06-29,6.114455223083496
2137,2018-07-02,6.149555683135986
2138,2018-07-03,6.10743522644043
2139,2018-07-05,6.114455223083496
2140,2018-07-06,6.100415229797363
2141,2018-07-09,6.142535209655762
2142,2018-07-10,6.149555683135986
2143,2018-07-11,6.135514736175537
2144,2018-07-12,6.156576156616211
2145,2018-07-13,6.170616149902344
2146,2018-07-16,6.100415229797363
2147,2018-07-17,6.149555683135986
2148,2018-07-18,6.170616149902344
2149,2018-07-19,6.198695659637451
2150,2018-07-20,6.1214752197265625
2151,2018-07-23,6.149555683135986
2152,2018-07-24,6.142535209655762
2153,2018-07-25,6.10743522644043
2154,2018-07-26,6.163595676422119
2155,2018-07-27,6.114455223083496
2156,2018-07-30,6.0723347663879395
2157,2018-07-31,6.0723347663879395
2158,2018-08-01,6.058295249938965
2159,2018-08-02,6.1214752197265625
2160,2018-08-03,6.1214752197265625
2161,2018-08-06,6.177635669708252
2162,2018-08-07,6.177635669708252
2163,2018-08-08,6.142535209655762
2164,2018-08-09,6.170616149902344
2165,2018-08-10,6.226776123046875
2166,2018-08-13,6.268896579742432
2167,2018-08-14,6.282935619354248
2168,2018-08-15,6.254856109619141
2169,2018-08-16,6.268896579742432
2170,2018-08-17,6.268896579742432
2171,2018-08-20,6.226776123046875
2172,2018-08-21,6.191676139831543
2173,2018-08-22,6.191676139831543
2174,2018-08-23,6.247836112976074
2175,2018-08-24,6.226776123046875
2176,2018-08-27,6.205716609954834
2177,2018-08-28,6.226776123046875
2178,2018-08-29,6.2337965965271
2179,2018-08-30,6.296976089477539
2180,2018-08-31,6.3039960861206055
2181,2018-09-04,6.3320770263671875
2182,2018-09-05,6.289956569671631
2183,2018-09-06,6.268896579742432
2184,2018-09-07,6.31101655960083
2185,2018-09-10,6.296976089477539
2186,2018-09-11,6.360156536102295
2187,2018-09-12,6.325057029724121
2188,2018-09-13,6.296976089477539
2189,2018-09-14,6.339096546173096
2190,2018-09-17,6.318036079406738
2191,2018-09-18,6.3320770263671875
2192,2018-09-19,6.3039960861206055
2193,2018-09-20,6.261876106262207
2194,2018-09-21,6.226776123046875
2195,2018-09-24,6.268896579742432
2196,2018-09-25,6.282935619354248
2197,2018-09-26,6.240816116333008
2198,2018-09-27,6.268896579742432
2199,2018-09-28,6.282935619354248
2200,2018-10-01,6.325057029724121
2201,2018-10-02,6.3039960861206055
2202,2018-10-03,6.409296989440918
2203,2018-10-04,6.416317939758301
2204,2018-10-05,6.423336505889893
2205,2018-10-08,6.416317939758301
2206,2018-10-09,6.388236999511719
2207,2018-10-10,6.3320770263671875
2208,2018-10-11,6.177635669708252
2209,2018-10-12,6.184656620025635
2210,2018-10-15,6.156576156616211
2211,2018-10-16,6.170616149902344
2212,2018-10-17,6.177635669708252
2213,2018-10-18,6.177635669708252
2214,2018-10-19,6.177635669708252
2215,2018-10-22,6.170616149902344
2216,2018-10-23,6.156576156616211
2217,2018-10-24,6.149555683135986
2218,2018-10-25,6.149555683135986
2219,2018-10-26,6.142535209655762
2220,2018-10-29,6.1214752197265625
2221,2018-10-30,6.1214752197265625
2222,2018-10-31,6.1214752197265625
2223,2018-11-01,6.002134799957275
2224,2018-11-02,5.988094329833984
2225,2018-11-05,6.0091552734375
2226,2018-11-06,6.0091552734375
2227,2018-11-07,5.981074810028076
2228,2018-11-08,5.995114803314209
2229,2018-11-09,6.0091552734375
2230,2018-11-12,6.044254779815674
2231,2018-11-13,5.995114803314209
2232,2018-11-14,6.030214786529541
2233,2018-11-15,5.960014820098877
2234,2018-11-16,5.910873889923096
2235,2018-11-19,5.931934356689453
2236,2018-11-20,5.967034816741943
2237,2018-11-21,5.938954830169678
2238,2018-11-23,5.938954830169678
2239,2018-11-26,5.931934356689453
2240,2018-11-27,5.938954830169678
2241,2018-11-28,5.896833419799805
2242,2018-11-29,5.88279390335083
2243,2018-11-30,5.896833419799805
2244,2018-12-03,5.826634407043457
2245,2018-12-04,5.833654403686523
2246,2018-12-06,5.896833419799805
2247,2018-12-07,5.847693920135498
2248,2018-12-10,5.9249138832092285
2249,2018-12-11,5.9178948402404785
2250,2018-12-12,5.8547139167785645
2251,2018-12-13,5.861733913421631
2252,2018-12-14,5.896833419799805
2253,2018-12-17,5.88279390335083
2254,2018-12-18,5.9178948402404785
2255,2018-12-19,5.896833419799805
2256,2018-12-20,5.910873889923096
2257,2018-12-21,5.952993869781494
2258,2018-12-24,5.952993869781494
2259,2018-12-26,5.952993869781494
2260,2018-12-27,5.945975303649902
2261,2018-12-28,5.9249138832092285
2262,2018-12-31,5.903853893280029
2263,2019-01-02,5.945975303649902
2264,2019-01-03,5.952993869781494
2265,2019-01-04,5.889814376831055
2266,2019-01-07,5.840673446655273
2267,2019-01-08,5.819613456726074
2268,2019-01-09,5.763453483581543
2269,2019-01-10,5.784513473510742
2270,2019-01-11,5.784513473510742
2271,2019-01-14,5.805574417114258
2272,2019-01-15,5.791533470153809
2273,2019-01-16,5.777493000030518
2274,2019-01-17,5.756433010101318
2275,2019-01-18,5.714313507080078
2276,2019-01-22,5.749413013458252
2277,2019-01-23,5.756433010101318
2278,2019-01-24,5.777493000030518
2279,2019-01-25,5.749413013458252
2280,2019-01-28,5.770473480224609
2281,2019-01-29,5.756433010101318
2282,2019-01-30,5.742393493652344
2283,2019-01-31,5.763453483581543
2284,2019-02-01,5.749413013458252
2285,2019-02-04,5.735373020172119
2286,2019-02-05,5.742393493652344
2287,2019-02-06,5.749413013458252
2288,2019-02-07,5.791533470153809
2289,2019-02-08,5.812593460083008
2290,2019-02-11,5.805574417114258
2291,2019-02-12,5.763453483581543
2292,2019-02-13,5.763453483581543
2293,2019-02-14,5.777493000030518
2294,2019-02-15,5.763453483581543
2295,2019-02-19,5.770473480224609
2296,2019-02-20,5.770473480224609
2297,2019-02-21,5.749413013458252
2298,2019-02-22,5.784513473510742
2299,2019-02-25,5.784513473510742
2300,2019-02-26,5.784513473510742
2301,2019-02-27,5.756433010101318
2302,2019-02-28,5.749413013458252
2303,2019-03-01,5.742393493652344
2304,2019-03-04,5.756433010101318
2305,2019-03-05,5.756433010101318
2306,2019-03-06,5.798553943634033
2307,2019-03-07,5.861733913421631
2308,2019-03-08,5.833654403686523
2309,2019-03-11,5.8547139167785645
2310,2019-03-12,5.833654403686523
2311,2019-03-13,5.847693920135498
2312,2019-03-14,5.868753433227539
2313,2019-03-15,5.861733913421631
2314,2019-03-18,5.875773906707764
2315,2019-03-19,5.88279390335083
2316,2019-03-20,5.847693920135498
2317,2019-03-21,5.875773906707764
2318,2019-03-22,5.889814376831055
2319,2019-03-25,5.889814376831055
2320,2019-03-26,5.910873889923096
2321,2019-03-27,5.931934356689453
2322,2019-03-28,5.931934356689453
2323,2019-03-29,5.945975303649902
2324,2019-04-01,5.945975303649902
2325,2019-04-02,5.97405481338501
2326,2019-04-03,5.945975303649902
2327,2019-04-04,5.938954830169678
2328,2019-04-05,5.952993869781494
2329,2019-04-08,5.960014820098877
2330,2019-04-09,5.945975303649902
2331,2019-04-10,5.960014820098877
2332,2019-04-11,5.960014820098877
2333,2019-04-12,5.938954830169678
2334,2019-04-15,5.938954830169678
2335,2019-04-16,5.967034816741943
2336,2019-04-17,5.967034816741943
2337,2019-04-18,5.995114803314209
2338,2019-04-22,6.002134799957275
2339,2019-04-23,6.030214786529541
2340,2019-04-24,6.079355239868164
2341,2019-04-25,6.05127477645874
2342,2019-04-26,6.058295249938965
2343,2019-04-29,6.0723347663879395
2344,2019-04-30,6.079355239868164
2345,2019-05-01,6.0653157234191895
2346,2019-05-02,6.044254779815674
2347,2019-05-03,6.0653157234191895
2348,2019-05-06,6.058295249938965
2349,2019-05-07,6.037235260009766
2350,2019-05-08,6.023195266723633
2351,2019-05-09,6.002134799957275
2352,2019-05-10,6.01617431640625
2353,2019-05-13,5.988094329833984
2354,2019-05-14,5.981074810028076
2355,2019-05-15,6.023195266723633
2356,2019-05-16,6.058295249938965
2357,2019-05-17,6.079355239868164
2358,2019-05-20,6.037235260009766
2359,2019-05-21,6.044254779815674
2360,2019-05-22,6.05127477645874
2361,2019-05-23,6.044254779815674
2362,2019-05-24,6.023195266723633
2363,2019-05-28,6.030214786529541
2364,2019-05-29,6.002134799957275
2365,2019-05-30,5.938954830169678
2366,2019-05-31,5.988094329833984
2367,2019-06-03,5.981074810028076
2368,2019-06-04,5.981074810028076
2369,2019-06-05,6.01617431640625
2370,2019-06-06,6.002134799957275
2371,2019-06-07,6.037235260009766
2372,2019-06-10,6.023195266723633
2373,2019-06-11,6.0091552734375
2374,2019-06-12,6.030214786529541
2375,2019-06-13,6.05127477645874
2376,2019-06-14,6.0653157234191895
2377,2019-06-17,6.0653157234191895
2378,2019-06-18,6.10743522644043
2379,2019-06-19,6.10743522644043
2380,2019-06-20,6.114455223083496
2381,2019-06-21,6.0723347663879395
2382,2019-06-24,6.0723347663879395
2383,2019-06-25,6.0653157234191895
2384,2019-06-26,6.023195266723633
2385,2019-06-27,6.030214786529541
2386,2019-06-28,6.037235260009766
2387,2019-07-01,6.0723347663879395
2388,2019-07-02,6.156576156616211
2389,2019-07-03,6.156576156616211
2390,2019-07-05,6.135514736175537
2391,2019-07-08,6.135514736175537
2392,2019-07-09,6.1214752197265625
2393,2019-07-10,6.093395233154297
2394,2019-07-11,6.0653157234191895
2395,2019-07-12,6.058295249938965
2396,2019-07-15,6.0863752365112305
2397,2019-07-16,6.128495216369629
2398,2019-07-17,6.156576156616211
2399,2019-07-18,6.191676139831543
2400,2019-07-19,6.170616149902344
2401,2019-07-22,6.184656620025635
2402,2019-07-23,6.198695659637451
2403,2019-07-24,6.2337965965271
2404,2019-07-25,6.205716609954834
2405,2019-07-26,6.2337965965271
2406,2019-07-29,6.275916576385498
2407,2019-07-30,6.254856109619141
2408,2019-07-31,6.2337965965271
2409,2019-08-01,6.339096546173096
2410,2019-08-02,6.3531365394592285
2411,2019-08-05,6.360156536102295
2412,2019-08-06,6.3531365394592285
2413,2019-08-07,6.465456962585449
2414,2019-08-08,6.451417446136475
2415,2019-08-09,6.430357933044434
2416,2019-08-12,6.465456962585449
2417,2019-08-13,6.402276992797852
2418,2019-08-14,6.458437919616699
2419,2019-08-15,6.47949743270874
2420,2019-08-16,6.458437919616699
2421,2019-08-19,6.416317939758301
2422,2019-08-20,6.430357933044434
2423,2019-08-21,6.416317939758301
2424,2019-08-22,6.395257472991943
2425,2019-08-23,6.458437919616699
2426,2019-08-26,6.458437919616699
2427,2019-08-27,6.472477912902832
2428,2019-08-28,6.472477912902832
2429,2019-08-29,6.458437919616699
2430,2019-08-30,6.458437919616699
2431,2019-09-03,6.542677402496338
2432,2019-09-04,6.430357933044434
2433,2019-09-05,6.3320770263671875
2434,2019-09-06,6.325057029724121
2435,2019-09-09,6.240816116333008
2436,2019-09-10,6.198695659637451
2437,2019-09-11,6.2127366065979
2438,2019-09-12,6.142535209655762
2439,2019-09-13,6.05127477645874
2440,2019-09-16,6.030214786529541
2441,2019-09-17,6.0653157234191895
2442,2019-09-18,6.100415229797363
2443,2019-09-19,6.128495216369629
2444,2019-09-20,6.156576156616211
2445,2019-09-23,6.184656620025635
2446,2019-09-24,6.205716609954834
2447,2019-09-25,6.170616149902344
2448,2019-09-26,6.198695659637451
2449,2019-09-27,6.198695659637451
2450,2019-09-30,6.177635669708252
2451,2019-10-01,6.163595676422119
2452,2019-10-02,6.100415229797363
2453,2019-10-03,6.114455223083496
2454,2019-10-04,6.128495216369629
2455,2019-10-07,6.135514736175537
2456,2019-10-08,6.135514736175537
2457,2019-10-09,6.1214752197265625
2458,2019-10-10,6.0653157234191895
2459,2019-10-11,5.967034816741943
2460,2019-10-14,6.002134799957275
2461,2019-10-15,5.995114803314209
2462,2019-10-16,6.002134799957275
2463,2019-10-17,5.952993869781494
2464,2019-10-18,5.9178948402404785
2465,2019-10-21,5.910873889923096
2466,2019-10-22,5.910873889923096
2467,2019-10-23,5.910873889923096
2468,2019-10-24,5.945975303649902
2469,2019-10-25,5.945975303649902
2470,2019-10-28,5.9178948402404785
2471,2019-10-29,5.903853893280029
2472,2019-10-30,5.910873889923096
2473,2019-10-31,5.960014820098877
2474,2019-11-01,5.9249138832092285
2475,2019-11-04,5.9178948402404785
2476,2019-11-05,5.889814376831055
2477,2019-11-06,5.9178948402404785
2478,2019-11-07,5.875773906707764
2479,2019-11-08,5.868753433227539
2480,2019-11-11,5.861733913421631
2481,2019-11-12,5.889814376831055
2482,2019-11-13,5.861733913421631
2483,2019-11-14,5.88279390335083
2484,2019-11-15,5.896833419799805
2485,2019-11-18,5.903853893280029
2486,2019-11-19,5.903853893280029
2487,2019-11-20,5.88279390335083
2488,2019-11-21,5.861733913421631
2489,2019-11-22,5.868753433227539
2490,2019-11-25,5.910873889923096
2491,2019-11-26,5.9249138832092285
2492,2019-11-27,5.938954830169678
2493,2019-11-29,5.910873889923096
2494,2019-12-02,5.875773906707764
2495,2019-12-03,5.840673446655273
2496,2019-12-04,5.847693920135498
2497,2019-12-05,5.8547139167785645
2498,2019-12-06,5.889814376831055
2499,2019-12-09,5.889814376831055
2500,2019-12-10,5.896833419799805
2501,2019-12-11,5.896833419799805
2502,2019-12-12,5.896833419799805
2503,2019-12-13,5.960014820098877
2504,2019-12-16,5.97405481338501
2505,2019-12-17,5.97405481338501
2506,2019-12-18,5.97405481338501
2507,2019-12-19,5.981074810028076
2508,2019-12-20,5.97405481338501
2509,2019-12-23,5.981296062469482
2510,2019-12-24,5.9957780838012695
2511,2019-12-26,6.010261535644531
2512,2019-12-27,6.039226055145264
2513,2019-12-30,6.02474308013916
2514,2019-12-31,6.017502784729004
2515,2020-01-02,6.031984806060791
2516,2020-01-03,6.039226055145264
2517,2020-01-06,6.031984806060791
2518,2020-01-07,6.039226055145264
2519,2020-01-08,6.003019332885742
2520,2020-01-09,6.02474308013916
2521,2020-01-10,6.031984806060791
2522,2020-01-13,6.031984806060791
2523,2020-01-14,6.046467304229736
2524,2020-01-15,6.053708076477051
2525,2020-01-16,6.082673072814941
2526,2020-01-17,6.104398250579834
2527,2020-01-21,6.082673072814941
2528,2020-01-22,6.082673072814941
2529,2020-01-23,6.039226055145264
2530,2020-01-24,6.046467304229736
2531,2020-01-27,5.981296062469482
2532,2020-01-28,5.959571361541748
2533,2020-01-29,5.966813087463379
2534,2020-01-30,5.93784761428833
2535,2020-01-31,5.9088826179504395
2536,2020-02-03,5.901641845703125
2537,2020-02-04,5.901641845703125
2538,2020-02-05,5.916123867034912
2539,2020-02-06,5.959571361541748
2540,2020-02-07,5.974054336547852
2541,2020-02-10,6.010261535644531
2542,2020-02-11,6.003019332885742
2543,2020-02-12,6.003019332885742
2544,2020-02-13,6.003019332885742
2545,2020-02-14,6.010261535644531
2546,2020-02-18,6.031984806060791
2547,2020-02-19,6.053708076477051
2548,2020-02-20,6.104398250579834
2549,2020-02-21,6.111638069152832
2550,2020-02-24,6.089914798736572
2551,2020-02-25,6.031984806060791
2552,2020-02-26,6.031984806060791
2553,2020-02-27,5.945089340209961
2554,2020-02-28,5.894400596618652
2555,2020-03-02,5.916123867034912
2556,2020-03-03,5.916123867034912
2557,2020-03-04,5.974054336547852
2558,2020-03-05,5.9957780838012695
2559,2020-03-06,6.075432777404785
2560,2020-03-09,6.205774784088135
2561,2020-03-10,6.111638069152832
2562,2020-03-11,6.133363246917725
2563,2020-03-12,6.162327766418457
2564,2020-03-13,6.089914798736572
2565,2020-03-16,6.155086517333984
2566,2020-03-17,6.176809787750244
2567,2020-03-18,6.249223232269287
2568,2020-03-19,6.176809787750244
2569,2020-03-20,6.234740257263184
2570,2020-03-23,6.292670726776123
2571,2020-03-24,6.227499485015869
2572,2020-03-25,6.191292762756348
2573,2020-03-26,6.205774784088135
2574,2020-03-27,6.191292762756348
2575,2020-03-30,6.241981506347656
2576,2020-03-31,6.213016986846924
2577,2020-04-01,6.270946979522705
2578,2020-04-02,6.263705253601074
2579,2020-04-03,6.28542947769165
2580,2020-04-06,6.256464958190918
2581,2020-04-07,6.16956901550293
2582,2020-04-08,6.184051513671875
2583,2020-04-09,6.184051513671875
2584,2020-04-13,6.184051513671875
2585,2020-04-14,6.191292762756348
2586,2020-04-15,6.241981506347656
2587,2020-04-16,6.256464958190918
2588,2020-04-17,6.213016986846924
2589,2020-04-20,6.205774784088135
2590,2020-04-21,6.256464958190918
2591,2020-04-22,6.249223232269287
2592,2020-04-23,6.249223232269287
2593,2020-04-24,6.278188228607178
2594,2020-04-27,6.249223232269287
2595,2020-04-28,6.249223232269287
2596,2020-04-29,6.234740257263184
2597,2020-04-30,6.1985344886779785
2598,2020-05-01,6.234740257263184
2599,2020-05-04,6.263705253601074
2600,2020-05-05,6.234740257263184
2601,2020-05-06,6.263705253601074
2602,2020-05-07,6.270946979522705
2603,2020-05-08,6.249223232269287
2604,2020-05-11,6.234740257263184
2605,2020-05-12,6.256464958190918
2606,2020-05-13,6.314394474029541
2607,2020-05-14,6.321635723114014
2608,2020-05-15,6.3506011962890625
2609,2020-05-18,6.249223232269287
2610,2020-05-19,6.205774784088135
2611,2020-05-20,6.205774784088135
2612,2020-05-21,6.234740257263184
2613,2020-05-22,6.270946979522705
2614,2020-05-26,6.147845268249512
2615,2020-05-27,6.162327766418457
2616,2020-05-28,6.155086517333984
2617,2020-05-29,6.16956901550293
2618,2020-06-01,6.111638069152832
2619,2020-06-02,6.060949802398682
2620,2020-06-03,5.988537788391113
2621,2020-06-04,5.981296062469482
2622,2020-06-05,5.9088826179504395
2623,2020-06-08,5.916123867034912
2624,2020-06-09,5.923365592956543
2625,2020-06-10,5.930606365203857
2626,2020-06-11,5.981296062469482
2627,2020-06-12,5.974054336547852
2628,2020-06-15,5.945089340209961
2629,2020-06-16,5.988537788391113
2630,2020-06-17,5.9957780838012695
2631,2020-06-18,5.9957780838012695
2632,2020-06-19,6.003019332885742
2633,2020-06-22,6.010261535644531
2634,2020-06-23,6.017502784729004
2635,2020-06-24,6.060949802398682
2636,2020-06-25,6.060949802398682
2637,2020-06-26,6.097156047821045
2638,2020-06-29,6.053708076477051
2639,2020-06-30,6.039226055145264
2640,2020-07-01,5.981296062469482
2641,2020-07-02,6.010261535644531
2642,2020-07-06,6.046467304229736
2643,2020-07-07,6.053708076477051
2644,2020-07-08,6.046467304229736
2645,2020-07-09,6.068191051483154
2646,2020-07-10,6.031984806060791
2647,2020-07-13,6.060949802398682
2648,2020-07-14,6.068191051483154
2649,2020-07-15,6.046467304229736
2650,2020-07-16,6.053708076477051
2651,2020-07-17,6.053708076477051
2652,2020-07-20,6.068191051483154
2653,2020-07-21,6.089914798736572
2654,2020-07-22,6.089914798736572
2655,2020-07-23,6.068191051483154
2656,2020-07-24,6.02474308013916
2657,2020-07-27,6.053708076477051
2658,2020-07-28,6.060949802398682
2659,2020-07-29,6.068191051483154
2660,2020-07-30,6.104398250579834
2661,2020-07-31,6.089914798736572
2662,2020-08-03,6.053708076477051
2663,2020-08-04,6.097156047821045
2664,2020-08-05,6.097156047821045
2665,2020-08-06,6.133363246917725
2666,2020-08-07,6.082673072814941
2667,2020-08-10,6.082673072814941
2668,2020-08-11,6.017502784729004
2669,2020-08-12,6.02474308013916
2670,2020-08-13,6.003019332885742
2671,2020-08-14,6.010261535644531
2672,2020-08-17,6.039226055145264
2673,2020-08-18,6.046467304229736
2674,2020-08-19,6.017502784729004
2675,2020-08-20,5.9957780838012695
2676,2020-08-21,5.966813087463379
2677,2020-08-24,5.981296062469482
2678,2020-08-25,5.974054336547852
2679,2020-08-26,5.966813087463379
2680,2020-08-27,5.945089340209961
2681,2020-08-28,5.974054336547852
2682,2020-08-31,5.9957780838012695
2683,2020-09-01,5.9957780838012695
2684,2020-09-02,5.981296062469482
2685,2020-09-03,5.959571361541748
2686,2020-09-04,5.923365592956543
2687,2020-09-08,5.916123867034912
2688,2020-09-09,5.916123867034912
2689,2020-09-10,5.916123867034912
2690,2020-09-11,5.952330589294434
2691,2020-09-14,5.974054336547852
2692,2020-09-15,5.959571361541748
2693,2020-09-16,5.923365592956543
2694,2020-09-17,5.930606365203857
2695,2020-09-18,5.959571361541748
2696,2020-09-21,5.93784761428833
2697,2020-09-22,5.923365592956543
2698,2020-09-23,5.8437113761901855
2699,2020-09-24,5.814745903015137
2700,2020-09-25,5.836470603942871
2701,2020-09-28,5.865435600280762
2702,2020-09-29,5.901641845703125
2703,2020-09-30,5.88715934753418
2704,2020-10-01,5.894400596618652
2705,2020-10-02,5.88715934753418
2706,2020-10-05,5.865435600280762
2707,2020-10-06,5.8437113761901855
2708,2020-10-07,5.901641845703125
2709,2020-10-08,5.894400596618652
2710,2020-10-09,5.923365592956543
2711,2020-10-12,5.916123867034912
2712,2020-10-13,5.9088826179504395
2713,2020-10-14,5.916123867034912
2714,2020-10-15,5.981296062469482
2715,2020-10-16,5.966813087463379
2716,2020-10-19,5.966813087463379
2717,2020-10-20,5.966813087463379
2718,2020-10-21,5.9957780838012695
2719,2020-10-22,5.959571361541748
2720,2020-10-23,5.974054336547852
2721,2020-10-26,5.974054336547852
2722,2020-10-27,5.9957780838012695
2723,2020-10-28,6.010261535644531
2724,2020-10-29,6.046467304229736
2725,2020-10-30,6.003019332885742
2726,2020-11-02,5.9957780838012695
2727,2020-11-03,5.945089340209961
2728,2020-11-04,5.952330589294434
2729,2020-11-05,5.945089340209961
2730,2020-11-06,5.930606365203857
2731,2020-11-09,5.7568159103393555
2732,2020-11-10,5.720609664916992
2733,2020-11-11,5.735092639923096
2734,2020-11-12,5.74233341217041
2735,2020-11-13,5.764057636260986
2736,2020-11-16,5.8075056076049805
2737,2020-11-17,5.8075056076049805
2738,2020-11-18,5.8075056076049805
2739,2020-11-19,5.800263404846191
2740,2020-11-20,5.814745903015137
2741,2020-11-23,5.8075056076049805
2742,2020-11-24,5.821987628936768
2743,2020-11-25,5.793022632598877
2744,2020-11-27,5.858194351196289
2745,2020-11-30,5.793022632598877
2746,2020-12-01,5.793022632598877
2747,2020-12-02,5.793022632598877
2748,2020-12-03,5.82922887802124
2749,2020-12-04,5.82922887802124
2750,2020-12-07,5.836470603942871
2751,2020-12-08,5.82922887802124
2752,2020-12-09,5.8437113761901855
2753,2020-12-10,5.865435600280762
2754,2020-12-11,5.872676849365234
2755,2020-12-14,5.865435600280762
2756,2020-12-15,5.872676849365234
2757,2020-12-16,5.872676849365234
2758,2020-12-17,5.916123867034912
2759,2020-12-18,5.9088826179504395
2760,2020-12-21,5.88715934753418
2761,2020-12-22,5.861970901489258
2762,2020-12-23,5.8772358894348145
2763,2020-12-24,5.8925018310546875
2764,2020-12-28,5.900135040283203
2765,2020-12-29,5.945931434631348
2766,2020-12-30,5.984095573425293
